state,year,population,violent_crime,murder,rape,robbery,aggravated_assault,property_crime,burglary,larceny_theft,motor_vehicle_theft,violent_crime_rate,murder_rate,rape_rate,robbery_rate,aggravated_assault_rate,property_crime_rate,burglary_rate,larceny_theft_rate,motor_vehicle_theft_rate
ALABAMA,2010,4779736.0,18056,273.0,1349.0,4761.0,11673.0,168092,42034.0,115458.0,10600.0,377.761449586337,5.711612524206358,28.22331609946658,99.60801182324714,244.2185091394169,3516.7632689336815,879.4209554669965,2415.572742929735,221.76957053695014
ALASKA,2010,710231.0,4537,31.0,533.0,594.0,3379.0,20259,3105.0,15535.0,1619.0,638.8062475448129,4.3647770936498125,75.04600615855968,83.63476108477383,475.7607032078295,2852.4522303306953,437.1817056704087,2187.3165209628983,227.95400369738857
ARIZONA,2010,6392017.0,26085,409.0,2165.0,6937.0,16574.0,225893,50771.0,153614.0,21508.0,408.0871499559529,6.39860626152903,33.870372998069314,108.52599422060362,259.2921764757509,3533.986220624882,794.2876247043774,2403.2163869401475,336.4822089803579
ARKANSAS,2010,2915918.0,14735,138.0,1312.0,2372.0,10913.0,103775,32511.0,65720.0,5544.0,505.3297109177967,4.7326433733733255,44.99440656424495,81.34659479450382,374.2560661856746,3558.9135222595423,1114.9490486357984,2253.83567027605,190.1288033476936
CALIFORNIA,2010,37253956.0,164133,1809.0,8331.0,58116.0,95877.0,981939,228857.0,600558.0,152524.0,440.5787133049709,4.855860140061367,22.36272571965243,155.99954002200462,257.36058742325247,2635.797927071155,614.3159668734241,1612.065038139842,409.4169220578883
COLORADO,2010,5029196.0,16133,120.0,2198.0,3132.0,10683.0,134992,26153.0,97592.0,11247.0,320.78686135915166,2.3860672759622013,43.704798938040994,62.27635590261345,212.419639242535,2684.166614305746,520.0234789019955,1940.508979964193,223.63415543955736
CONNECTICUT,2010,3574097.0,10057,130.0,583.0,3553.0,5791.0,78386,15172.0,56507.0,6707.0,281.3857598156961,3.637282368105846,16.311812466197757,99.40972502984671,162.02693995154578,2193.169351587268,424.4988314530915,1581.0147290350542,187.65579109912238
DELAWARE,2010,897934.0,5575,48.0,312.0,1829.0,3386.0,30963,7515.0,21519.0,1929.0,620.8696852998105,5.345604465361597,34.74642902485038,203.68980348221584,377.08784832738263,3448.248980437315,836.921199108175,2396.5013018774207,214.82647945171917
FLORIDA,2010,18801310.0,101969,987.0,5373.0,26086.0,69523.0,669035,169119.0,458454.0,41462.0,542.3505064274776,5.249634201021099,28.57779590890209,138.74565123387677,369.77742508367766,3558.4488527661106,899.5064705597641,2438.415195536907,220.52718666943952
GEORGIA,2010,9687653.0,39072,558.0,2093.0,12373.0,24048.0,352679,96723.0,225651.0,30305.0,403.3175011532721,5.75990903059802,21.604820073551355,127.71927318205968,248.23349886706308,3640.4999229431523,998.4151992231763,2329.2638578198457,312.82086590013085
HAWAII,2010,1360301.0,3574,24.0,365.0,1054.0,2131.0,45083,8663.0,31320.0,5100.0,262.7359679953187,1.7643153978420953,26.8322966755152,77.48285122189868,156.65650470006273,3314.192961704799,636.8443454794196,2302.431594183934,374.91702204144525
IDAHO,2010,1567582.0,3465,21.0,525.0,214.0,2705.0,31286,6502.0,23462.0,1322.0,221.04106834602592,1.3396428384607633,33.49107096151908,13.65159844907635,172.55875609696974,1995.8126592420685,414.77893979389916,1496.7000131412583,84.3337063069109
ILLINOIS,2010,12830632.0,55835,706.0,3033.0,20054.0,32042.0,343989,75399.0,239794.0,28796.0,435.1695224366189,5.502456932752806,23.638742035466375,156.2978347442277,249.73048872417198,2680.9980989245114,587.6483714909756,1868.9180704426717,224.43165699086373
INDIANA,2010,6483802.0,20389,292.0,1761.0,6219.0,12117.0,197260,47115.0,137027.0,13118.0,314.46055878942633,4.503530490289494,27.15999038835547,95.91594561339164,186.8810922973897,3042.350768885293,726.6569830479092,2113.3742208660906,202.3195649712931
IOWA,2010,3046355.0,8333,39.0,836.0,1011.0,6447.0,68315,16656.0,47883.0,3776.0,273.54001749631936,1.2802184906223997,27.44263226052118,33.1872024107499,211.6299643344259,2242.51605607357,546.7517738411971,1571.812871448009,123.9514107843636
KANSAS,2010,2853118.0,10531,100.0,1107.0,1544.0,7780.0,89015,19404.0,63602.0,6009.0,369.1049581545523,3.5049374053228783,38.79965707692426,54.116233538185234,272.6841301341199,3119.92003134816,680.0980541288513,2229.210288533457,210.61168868585176
KENTUCKY,2010,4339367.0,10528,187.0,1381.0,3748.0,5212.0,110709,30311.0,74189.0,6209.0,242.6160313243844,4.30938429499049,31.824918242683786,86.37204458622652,120.10968420048361,2551.270726813381,698.512017997095,1709.6733233211203,143.08538549516555
LOUISIANA,2010,4533372.0,24886,510.0,1233.0,5211.0,17932.0,165357,45435.0,110029.0,9893.0,548.9512001221166,11.249904044936088,27.19829742628666,114.94754897678814,395.5554496741057,3647.5497708990124,1002.234098591512,2427.089592471123,218.2260798363779
MAINE,2010,1328361.0,1621,24.0,389.0,414.0,794.0,32934,7359.0,24585.0,990.0,122.03008067836981,1.806737776854334,29.284208133180666,31.166226650737265,59.77290811759755,2479.2959142883597,553.9909708279602,1850.7770101651583,74.52793329524128
MARYLAND,2010,5773552.0,31620,430.0,1227.0,11054.0,18909.0,173051,36542.0,118458.0,18051.0,547.6697880265043,7.447754865635574,21.252081907290346,191.45926112729217,327.5106901262862,2997.3056447746553,632.9206006978027,2051.735222961532,312.6498211153204
MASSACHUSETTS,2010,6547629.0,30553,210.0,1745.0,6874.0,21724.0,153905,37767.0,104685.0,11453.0,466.62692709070717,3.2072678522255917,26.650868581588846,104.98456769618437,331.7842229607084,2350.5455180799036,576.8042141666854,1598.8230243344576,174.9182795787605
MICHIGAN,2010,9883640.0,48460,567.0,4673.0,11493.0,31727.0,268201,73868.0,166980.0,27353.0,490.30519120485974,5.736752856235152,47.28015184689042,116.28306980019507,321.0052167015391,2713.585278298279,747.3764726355877,1689.4585395663946,276.7502660962965
MINNESOTA,2010,5303925.0,12515,96.0,1798.0,3388.0,7233.0,136431,24415.0,103429.0,8587.0,235.95733348416502,1.8099803447446938,33.899423540114164,63.87722299994815,136.37070659935802,2572.264879311076,460.31948038480937,1950.0464278812387,161.89897104502796
MISSISSIPPI,2010,2967297.0,8003,208.0,927.0,2779.0,4089.0,88574,30444.0,52770.0,5360.0,269.70673983763675,7.009746580810751,31.240553271209453,93.65425840419749,137.80218158141903,2985.0062194650554,1025.984254356743,1778.3861878335738,180.63577727473862
MISSOURI,2010,5988927.0,27252,420.0,1432.0,6132.0,19268.0,200414,44043.0,140320.0,16051.0,455.03977590643535,7.012942385171835,23.910794037062065,102.38895882350879,321.72708066069265,3346.409131385305,735.4071939764835,2342.9906559221713,268.0112814866503
MONTANA,2010,989415.0,2693,26.0,321.0,157.0,2189.0,25169,3654.0,19989.0,1526.0,272.1810362689063,2.6278154262872504,32.44341353223875,15.867962381811473,221.24184492856892,2543.8264024701466,369.3091372174467,2020.2847136944558,154.232551558244
NEBRASKA,2010,1826341.0,5104,54.0,672.0,1025.0,3353.0,48821,8326.0,36881.0,3614.0,279.465882877294,2.956731519469803,36.79488113117977,56.123144582528674,183.59112564411575,2673.15906503769,455.8841968723256,2019.392873510478,197.88199465488646
NEVADA,2010,2700551.0,17841,158.0,965.0,5298.0,11420.0,74932,22226.0,42521.0,10185.0,660.6429576778961,5.8506578842613965,35.733448470330686,196.1821865241575,422.8766647991465,2774.6930163511074,823.0172287062899,1574.5305309916384,377.14525665317933
NEW HAMPSHIRE,2010,1316470.0,2198,13.0,412.0,451.0,1322.0,28782,5441.0,22373.0,968.0,166.96164743594613,0.9874892705492719,31.2958138051,34.258281616747816,100.42006274354902,2186.301244996088,413.30224008142983,1699.469034615297,73.52997029936117
NEW JERSEY,2010,8791894.0,27055,371.0,981.0,11818.0,13885.0,183042,38732.0,128754.0,15556.0,307.72664001636053,4.21979609854259,11.158005317170566,134.4192730258122,157.92956557483518,2081.940478354266,440.54216304245705,1464.4626061233223,176.93570918848658
NEW MEXICO,2010,2059179.0,12126,142.0,958.0,1614.0,9412.0,70742,21014.0,44481.0,5247.0,588.8754693011147,6.895952221734973,46.52339597480355,78.38075271746652,457.0753683871096,3435.4468455632073,1020.5038027291458,2160.1327519365727,254.81029089748876
NEW YORK,2010,19378102.0,75977,866.0,2771.0,28473.0,43867.0,376161,64973.0,290755.0,20433.0,392.0765821131502,4.468961924134779,14.299646064408167,146.93389476430664,226.3740793603006,1941.1653421991484,335.29083498476786,1500.4307439397314,105.44376327464887
NORTH CAROLINA,2010,9535483.0,34653,476.0,2013.0,9610.0,22554.0,328719,102690.0,207719.0,18310.0,363.41106161061794,4.99188137611907,21.110624391024558,100.78147063971484,236.52708520375947,3447.324063185892,1076.9249968774525,2178.379427659826,192.0196386486138
NORTH DAKOTA,2010,672591.0,1513,10.0,237.0,90.0,1176.0,11895,1966.0,9070.0,859.0,224.9509731768638,1.4867876614465552,35.23686757628336,13.381088953018997,174.84622898611488,1768.5339232906774,292.30245424039276,1348.5164089320256,127.71506011825907
OHIO,2010,11536504.0,36366,476.0,3699.0,16479.0,15712.0,374381,106521.0,246742.0,21118.0,315.225479053273,4.126033328640982,32.063439669418045,142.8422336610814,136.19377239413257,3245.1858899368476,923.3386474793404,2138.7935201166665,183.05372234084086
OKLAHOMA,2010,3751351.0,17987,195.0,1450.0,3337.0,13005.0,128126,37476.0,80460.0,10190.0,479.48059245855694,5.19812728800904,38.65274137237491,88.95461928249317,346.67510451567983,3415.4628559151092,999.0000935662912,2144.8272902215763,271.6354721272416
OREGON,2010,3831074.0,9655,91.0,1214.0,2390.0,5960.0,115428,19637.0,86879.0,8912.0,252.01810249554043,2.375313032324617,31.688241991671266,62.3845950247894,155.56995244675514,3012.9410186281966,512.5716705028407,2267.745285003631,232.62406312172516
PENNSYLVANIA,2010,12702379.0,46514,657.0,3415.0,16362.0,26080.0,276023,55171.0,204183.0,16669.0,366.1833739963199,5.172259464152345,26.884727656134334,128.810516518205,205.31587035782823,2173.0023958504153,434.33596179109446,1607.4390474414279,131.2273866178926
RHODE ISLAND,2010,1052567.0,2701,29.0,296.0,780.0,1596.0,26910,6121.0,18390.0,2399.0,256.6107430690873,2.7551690296199673,28.121725267845186,74.10454631391636,151.6293024577058,2556.6068478301145,581.5306769070282,1747.1571880934896,227.91898282959662
SOUTH CAROLINA,2010,4625364.0,27648,280.0,1466.0,4982.0,20920.0,180407,46156.0,121054.0,13197.0,597.7475502468562,6.0535776211342505,31.694802830652893,107.7104418160387,452.28872797903045,3900.3849210570233,997.8890310038302,2617.1778048170913,285.3180852361025
SOUTH DAKOTA,2010,814180.0,2186,23.0,390.0,154.0,1619.0,15082,3181.0,11106.0,795.0,268.49099707681347,2.8249281485666558,47.900955562651994,18.91473629909848,198.85037706649638,1852.4159276818393,390.6998452430667,1364.0718268687515,97.64425557002137
TENNESSEE,2010,6346105.0,38921,357.0,2138.0,8366.0,28060.0,232132,64235.0,153062.0,14835.0,613.3053266531202,5.625497844740987,33.68995628026955,131.828893470877,442.16097905723274,3657.865730239257,1012.1956696272753,2411.904624962871,233.76543564911077
TEXAS,2010,25145561.0,113231,1249.0,7622.0,32843.0,71517.0,951246,228597.0,654626.0,68023.0,450.3021427917237,4.967079477765479,30.311513034050023,130.61152224840004,284.4120280315082,3782.9579542886313,909.0948497828305,2603.34617310785,270.51693139795134
UTAH,2010,2763885.0,5879,53.0,948.0,1268.0,3610.0,87880,15017.0,66914.0,5949.0,212.70783697585105,1.9175906378159726,34.29954574810457,45.877451485861386,130.6132491040691,3179.582363231466,543.3294076996691,2421.0124516758115,215.24050385598534
VERMONT,2010,625741.0,815,7.0,132.0,74.0,602.0,14281,3366.0,10474.0,441.0,130.24558083935685,1.1186737004607339,21.094989780116695,11.825979119156328,96.20593823962311,2282.254159468534,537.9222393929757,1673.855476946532,70.47644312902622
VIRGINIA,2010,8001024.0,17087,369.0,1532.0,5657.0,9529.0,186196,30629.0,145019.0,10548.0,213.56016429896974,4.611909675561528,19.147549113713445,70.70344995840532,119.09725555128944,2327.1521245280605,382.8134998720164,1812.5054992960902,131.83312535995393
WASHINGTON,2010,6724540.0,21101,152.0,2562.0,5929.0,12458.0,249253,55164.0,168360.0,25729.0,313.7909804982943,2.260377661520342,38.09926032115208,88.16959970496123,185.26174281066065,3706.6178504403274,820.3386402638694,2503.665678247137,382.61353192932154
WEST VIRGINIA,2010,1852994.0,5830,62.0,354.0,828.0,4586.0,41500,10756.0,28383.0,2361.0,314.6259512982773,3.3459363602904273,19.104217282948568,44.68444042452377,247.49135723051452,2239.618692775044,580.4659917949006,1531.7372857116645,127.41541526847901
WISCONSIN,2010,5686986.0,14142,155.0,1187.0,4504.0,8296.0,142612,26566.0,107908.0,8138.0,248.67302293341322,2.7255210404949124,20.87221596817717,79.19836623476829,145.87691968997288,2507.690365335874,467.1367223341151,1897.4549963724194,143.09864662933933
WYOMING,2010,563626.0,1104,8.0,164.0,76.0,856.0,13874,2149.0,11134.0,591.0,195.87456930659692,1.4193809370043255,29.097309208588676,13.484118901541093,151.87376025946284,2461.5613899997516,381.28120420278697,1975.42341907577,104.85676672119455
ALABAMA,2011,4802740.0,20174,301.0,1371.0,4910.0,13592.0,173190,51117.0,111411.0,10662.0,420.0518870478102,6.267255774828535,28.54620487471735,102.23330848640568,283.00511791185863,3606.066537018452,1064.329944989735,2319.738316044591,221.99827598412574
ALASKA,2011,722718.0,4383,29.0,420.0,576.0,3358.0,19028,2826.0,14859.0,1343.0,606.4606111927474,4.012630099153473,58.113953160153756,79.69913576249657,464.6348921709436,2632.8388112652515,391.02388483474886,2055.988642873154,185.82628355734877
ARIZONA,2011,6482505.0,26311,405.0,2264.0,7127.0,16515.0,230422,54929.0,155664.0,19829.0,405.8770490728507,6.247584845673084,34.92477059408361,109.94206714842487,254.76262648466914,3554.520976073293,847.3421925629058,2401.293944239148,305.8848392712385
ARKANSAS,2011,2937979.0,14129,162.0,1213.0,2428.0,10326.0,110295,34471.0,70012.0,5812.0,480.9088152093667,5.513994483963296,41.28688462374986,82.64184325347459,351.466092848179,3754.111244498344,1173.289529979622,2382.9986531557915,197.8230613629301
CALIFORNIA,2011,37691912.0,154944,1792.0,7663.0,54292.0,91197.0,973901,230090.0,596963.0,146848.0,411.08023387086337,4.7543356251070525,20.33062159330097,144.04151214191523,241.95376451054008,2583.846104702781,610.4492656143312,1583.7960143810162,389.6008247074333
COLORADO,2011,5116796.0,16383,149.0,2278.0,3306.0,10650.0,133361,25768.0,96546.0,11047.0,320.18083191121946,2.911978511552933,44.52004731085624,64.61074469257714,208.1380613962331,2606.3380287195346,503.5963911791676,1886.8448146066405,215.89682293372653
CONNECTICUT,2011,3580709.0,9767,128.0,686.0,3677.0,5276.0,77609,15679.0,55218.0,6712.0,272.7672089521935,3.5747110418634973,19.158216989987178,102.68916016353187,147.345120756811,2167.4199159998757,437.8741751982638,1542.096830543895,187.4489102577171
DELAWARE,2011,907135.0,5075,41.0,289.0,1538.0,3207.0,30939,7531.0,21878.0,1530.0,559.4536645592993,4.519724186587443,31.85854365667734,169.54477558467042,353.5306211313641,3410.627966068997,830.1961670534155,2411.7689208331726,168.66287818240946
FLORIDA,2011,19057542.0,98199,984.0,5274.0,25622.0,66319.0,671200,170171.0,461408.0,39621.0,515.2763142277215,5.1633101477619725,27.674083048065693,134.44545996540373,347.9934610664901,3521.965214611622,892.9325723117913,2421.1306998562563,207.9019424435743
GEORGIA,2011,9815210.0,36634,554.0,2053.0,12148.0,21879.0,355952,95657.0,230820.0,29475.0,373.237047398884,5.644301038897792,20.916516304796332,123.76709209482017,222.9091379603697,3626.5347353749944,974.5792499600111,2351.6562559537697,300.29922946121377
HAWAII,2011,1374810.0,3949,17.0,434.0,1042.0,2456.0,45889,10008.0,31697.0,4184.0,287.2396913027982,1.2365345029494985,31.56799848706367,75.79229129843397,178.64286701435108,3337.8430474029137,727.9551356187401,2305.554949411191,304.3329623729824
IDAHO,2011,1584985.0,3184,36.0,435.0,184.0,2529.0,32787,6920.0,24534.0,1333.0,200.88518187869286,2.2713148704877333,27.445054685060114,11.60894267138175,159.55986965176325,2068.600018296703,436.59719177153096,1547.9010842373903,84.1017422877819
ILLINOIS,2011,12869257.0,55247,721.0,3708.0,20254.0,30564.0,346025,77746.0,239510.0,28769.0,429.29440293250804,5.6024990409314235,28.81285221050446,157.38282326633154,237.49622841474064,2688.7721645468732,604.1219007437647,1861.1020045679404,223.548259235168
INDIANA,2011,6516922.0,21626,312.0,1757.0,6978.0,12579.0,206055,50551.0,140688.0,14816.0,331.8437753282915,4.78753620190636,26.96058047035088,107.0750885157134,193.02057014032084,3161.8454233455614,775.6882773800269,2158.8105550442374,227.3465909212969
IOWA,2011,3062309.0,7826,46.0,834.0,825.0,6121.0,71361,17400.0,50025.0,3936.0,255.55879566692974,1.5021345004700701,27.234351595479097,26.940455714952346,199.88185385602827,2330.3004366966234,568.1987023517222,1633.5712692612012,128.5304650836999
KANSAS,2011,2871238.0,10162,110.0,1085.0,1459.0,7508.0,88438,18789.0,62972.0,6677.0,353.9239867959396,3.831100034201275,37.78857761007621,50.81431772636054,261.4899914253016,3080.1347711335666,654.3867140237069,2193.200285033842,232.5477720760174
KENTUCKY,2011,4369356.0,10406,153.0,1463.0,3693.0,5097.0,118358,32553.0,79132.0,6673.0,238.1586668607456,3.5016601988942995,33.48319523517882,84.5204648007624,116.6533466259101,2708.820247194323,745.0297023176871,1811.0678095353182,152.72273534131804
LOUISIANA,2011,4574836.0,25406,513.0,1268.0,5239.0,18386.0,168744,46320.0,113301.0,9123.0,555.3423117243984,11.213516724971123,27.716840559967615,114.51776631992928,401.8941881195304,3688.5256651823147,1012.4953113073343,2476.613369309851,199.41698456512978
MAINE,2011,1328188.0,1636,26.0,393.0,369.0,848.0,33809,7854.0,24877.0,1078.0,123.17533361241028,1.9575542016642222,29.5891846636169,27.782211554388386,63.84638319274079,2545.4980770794496,591.3319499950308,1873.0029182615713,81.16320882284737
MARYLAND,2011,5828289.0,28797,398.0,1194.0,10343.0,16862.0,166699,35784.0,114847.0,16068.0,494.0901180432199,6.82876226625001,20.48628679875003,177.46203045181872,289.31303852640116,2860.1704548281664,613.9709269735938,1970.5096984723991,275.68982938217374
MASSACHUSETTS,2011,6587536.0,28219,185.0,1628.0,6768.0,19638.0,148790,36533.0,101471.0,10786.0,428.3695755135152,2.808333798858936,24.713337429958635,102.73947649014744,298.1084277945502,2258.6593834174114,554.5776144525055,1540.3483184000816,163.73345056482424
MICHIGAN,2011,9876187.0,43983,613.0,4347.0,10393.0,28630.0,257979,71596.0,160887.0,25496.0,445.3439368857637,6.206848857762616,44.01496245463963,105.2329203568138,289.8892052165476,2612.13158479077,724.935645710232,1629.039628350496,258.15631073004187
MINNESOTA,2011,5344861.0,11825,74.0,1664.0,3386.0,6701.0,136264,25724.0,102358.0,8182.0,221.24055237357902,1.3845074736274714,31.13270859616368,63.35057169868403,125.37276460510384,2549.4395457618075,481.28473312963615,1915.0731889940637,153.0816236381077
MISSISSIPPI,2011,2978512.0,8036,239.0,865.0,2492.0,4440.0,90115,30907.0,54283.0,4925.0,269.7991480309631,8.024140913315104,29.04134682015718,83.6659378911349,149.06772240635593,3025.5040100560277,1037.66578748046,1822.4872016631123,165.35102091245562
MISSOURI,2011,6010688.0,26889,366.0,1458.0,6269.0,18796.0,198882,44822.0,138743.0,15317.0,447.35311498450756,6.0891531884536345,24.256790570397268,104.29754464048042,312.7096265851763,3308.805913732338,745.7049841881661,2308.2715323104444,254.82939723372763
MONTANA,2011,998199.0,2670,28.0,357.0,169.0,2116.0,23155,3390.0,18307.0,1458.0,267.4817346040218,2.805051898469143,35.76441170548157,16.930491815760185,211.98177918431094,2319.677739609036,339.61164056465697,1834.0030394740927,146.06305957028607
NEBRASKA,2011,1842641.0,4665,67.0,695.0,997.0,2906.0,50726,8714.0,37909.0,4103.0,253.16922829786162,3.6360853796263086,37.71760207224305,54.10712124608103,157.70841959991122,2752.8965218943895,472.90817907557687,2057.318815764981,222.66952705383198
NEVADA,2011,2723322.0,15309,141.0,912.0,4299.0,9957.0,69731,20214.0,40032.0,9485.0,562.1443222652334,5.177500126683514,33.48851145769762,157.8586740752654,365.61963660558683,2560.5124917288517,742.2552309275217,1469.969397669464,348.2878631318661
NEW HAMPSHIRE,2011,1318194.0,2478,17.0,429.0,474.0,1558.0,30106,5749.0,23383.0,974.0,187.98446966076312,1.2896432543313048,32.54452682988999,35.95828838547285,118.19201119106899,2283.8823420528392,436.1270040676865,1773.8663656487588,73.88897233639358
NEW JERSEY,2011,8821155.0,27203,380.0,1006.0,12209.0,13608.0,189719,43238.0,129066.0,17415.0,308.3836527076103,4.30782590261706,11.404402257980955,138.40591169750448,154.26551284950781,2150.7274274173847,490.16256941409597,1463.1417314399305,197.42312656335818
NEW MEXICO,2011,2082224.0,11817,156.0,857.0,1722.0,9082.0,73534,21423.0,46703.0,5408.0,567.5181920869225,7.491989334480825,41.15791576698761,82.70003611523063,436.16825087022335,3531.5124597545705,1028.8518430293761,2242.9383197965253,259.7222969286686
NEW YORK,2011,19465197.0,77490,774.0,2752.0,28396.0,45568.0,372255,65397.0,287547.0,19311.0,398.0951233116213,3.97632759637624,14.13805367600441,145.88087652028386,234.09986551895676,1912.413216264906,335.9688576488591,1477.2365262987064,99.20783231734053
NORTH CAROLINA,2011,9656401.0,33774,508.0,1995.0,9550.0,21721.0,340562,106144.0,217386.0,17032.0,349.75763744691216,5.260759158614063,20.65987110518712,98.89812985189825,224.93887733121272,3526.8005129447297,1099.2087010471084,2251.2113985324345,176.38041336518646
NORTH DAKOTA,2011,683932.0,1689,24.0,259.0,91.0,1315.0,13246,2433.0,9833.0,980.0,246.95437558119815,3.509120789786119,37.86926185644187,13.305416327939035,192.2705766070311,1936.7422492294554,355.7371200645678,1437.716030248621,143.2890989162665
OHIO,2011,11544951.0,35484,513.0,3631.0,16057.0,15283.0,387297,112709.0,253520.0,21068.0,307.3551373236664,4.443500886231566,31.45097800761562,139.082443918558,132.37821451126123,3354.6872567930345,976.2622639108647,2195.9382937181804,182.48669916398953
OKLAHOMA,2011,3791508.0,17243,208.0,1403.0,3282.0,12350.0,127252,36341.0,79880.0,11031.0,454.7794703321211,5.485943851364682,37.00374626665696,86.56186403932155,325.72791617477793,3356.237148912781,958.4840649155956,2106.813436764475,290.93964723271057
OREGON,2011,3871859.0,9586,82.0,1217.0,2222.0,6065.0,120594,20448.0,91099.0,9047.0,247.5813297953257,2.117845717005707,31.431929726779824,57.38845345349611,156.64310089804405,3114.627882885198,528.1184051382036,2352.8491094329625,233.66036831403207
PENNSYLVANIA,2011,12742886.0,45240,637.0,3324.0,16131.0,25148.0,283179,57850.0,208485.0,16844.0,355.0216175519423,4.998867603461257,26.085142721986212,126.58827835389879,197.34932887259603,2222.2516940040114,453.9787925592366,1636.0893442819781,132.18355716279655
RHODE ISLAND,2011,1051302.0,2602,14.0,304.0,746.0,1538.0,28141,6964.0,18890.0,2287.0,247.50262056002936,1.3316820475943163,28.916524462048017,70.95962910752571,146.29478494286133,2676.7760358108326,662.4166985319157,1796.8195627897599,217.53977448915725
SOUTH CAROLINA,2011,4679230.0,26760,320.0,1612.0,4313.0,20515.0,182685,46921.0,122100.0,13664.0,571.8889646373442,6.838732013600528,34.45011251851266,92.17328492080962,438.42683518442135,3904.167993451914,1002.7504525317199,2609.4036839394516,292.01385698074256
SOUTH DAKOTA,2011,824082.0,2094,21.0,496.0,167.0,1410.0,14979,2899.0,11134.0,946.0,254.10092684951255,2.548290097344682,60.18818515633153,20.26497363126485,171.0994779645715,1817.6589222917137,351.7853805810587,1351.0791401826518,114.79440152800328
TENNESSEE,2011,6403353.0,38944,373.0,2024.0,8081.0,28466.0,230261,62749.0,153476.0,14036.0,608.1813699791344,5.825073207739758,31.608440140657557,126.19950828886054,444.54834834187653,3595.944187365588,979.9397284516408,2396.806797938518,219.1976609754296
TEXAS,2011,25674681.0,104873,1126.0,7439.0,28395.0,67913.0,891499,215223.0,612938.0,63338.0,408.4685609141551,4.385643584042972,28.97406982388603,110.59533709493799,264.51351041128805,3472.2885164571276,838.2694219258264,2387.3246954850188,246.6943990462822
UTAH,2011,2817222.0,5494,54.0,854.0,1081.0,3505.0,83758,13122.0,64453.0,6183.0,195.01480536500142,1.9167818510575312,30.313550014872806,38.371132981355395,124.41334051771567,2973.0706348310496,465.7779898069801,2287.8211230779825,219.4715219460873
VERMONT,2011,626431.0,847,8.0,119.0,85.0,635.0,14464,3643.0,10322.0,499.0,135.2104222172913,1.2770760067748883,18.996505600776462,13.568932571983186,101.36790803775675,2308.9534202489976,581.5484865851147,1647.7473177412996,79.65761592258366
VIRGINIA,2011,8096604.0,15923,303.0,1536.0,5430.0,8654.0,182141,30597.0,141820.0,9724.0,196.66269957132644,3.7423097387497273,18.970916695444163,67.06515472412879,106.88431841300377,2249.597485563083,377.8991784703809,1751.5985714504502,120.09973564225199
WASHINGTON,2011,6830038.0,20121,162.0,2290.0,5638.0,12031.0,244146,56532.0,162779.0,24835.0,294.59572552890626,2.371875529828677,33.528363971035006,82.54712492082768,176.14836110721492,3574.5921179355078,827.6967126683628,2383.2810300616193,363.61437520552596
WEST VIRGINIA,2011,1855364.0,5861,80.0,388.0,910.0,4483.0,42189,11192.0,28743.0,2254.0,315.8948863942601,4.311822370165638,20.91233849530335,49.04697946063414,241.62374606815695,2273.893424686477,603.2239495861728,1549.183879820887,121.48559527941688
WISCONSIN,2011,5711767.0,13532,136.0,1163.0,4469.0,7764.0,138949,26654.0,104063.0,8232.0,236.9144259561008,2.38104950709649,20.36147482906778,78.24198711186924,135.9299145080673,2432.6797644231638,466.6506879569842,1821.9055504189857,144.12352604719345
WYOMING,2011,568158.0,1246,18.0,146.0,71.0,1011.0,12877,1863.0,10493.0,521.0,219.30519327370206,3.1681328081273166,25.697077221477127,12.496523854279971,177.9434593898176,2266.447009458637,327.9017456411773,1846.8454197599963,91.69984405746288
ALABAMA,2012,4822023.0,21693,342.0,1296.0,5020.0,15035.0,168878,47481.0,111523.0,9874.0,449.8734244942424,7.092458911954589,26.876686403196338,104.10568344447962,311.7985957346118,3502.223029628851,984.669712276362,2312.7844889997414,204.7688283527474
ALASKA,2012,731449.0,4412,30.0,583.0,630.0,3169.0,20037,2950.0,15565.0,1522.0,603.1862781957457,4.101447947840519,79.70480511970075,86.13040690465091,433.24961822355357,2739.3570843626826,403.3090482043178,2127.967910271256,208.080125887109
ARIZONA,2012,6553255.0,28108,358.0,2277.0,7386.0,18087.0,231930,52934.0,159838.0,19158.0,428.9166223502672,5.462934068642224,34.746091827649,112.70734924857952,276.0002472053964,3539.1572584921537,807.7512625405238,2439.0627253174184,292.34327063421154
ARKANSAS,2012,2949131.0,13835,173.0,1247.0,2320.0,10095.0,107941,31890.0,70327.0,5724.0,469.12124283390597,5.866134803777791,42.28364219832893,78.66724129921661,342.3042245325826,3660.095126327043,1081.3354849275938,2384.6685684698305,194.09107292961892
CALIFORNIA,2012,38041430.0,160944,1884.0,7837.0,56521.0,94702.0,1049465,245767.0,635090.0,168608.0,423.0755783891405,4.952495213770881,20.601223455585135,148.5774851260849,248.94437459369954,2758.7422449681835,646.0508976660446,1669.4693127992298,443.2220345029091
COLORADO,2012,5187582.0,16023,162.0,2113.0,3395.0,10353.0,139270,26157.0,101021.0,12092.0,308.8722260197526,3.1228422027834934,40.73188626223161,65.44474863240715,199.5727489223303,2684.68045420776,504.2233549272089,1947.3619886876004,233.09511059295065
CONNECTICUT,2012,3590347.0,10160,146.0,919.0,3687.0,5408.0,76834,14711.0,55674.0,6449.0,282.9810043430343,4.066459314378248,25.596411711737055,102.69202391857947,150.62610939833948,2140.015992883139,409.7375546151946,1550.657916908867,179.62052135907754
DELAWARE,2012,917092.0,5020,57.0,243.0,1492.0,3228.0,30639,7371.0,21832.0,1436.0,547.3823782128729,6.215297919946964,26.49679639556337,162.68814906247138,351.98213483489116,3340.8861924430703,803.7361573320889,2380.5681436540717,156.58189145690946
FLORIDA,2012,19317568.0,94087,1009.0,5260.0,23889.0,63929.0,632988,153563.0,442095.0,37330.0,487.0540639484225,5.223224786888287,27.22910047475956,123.6646352170211,330.93710346975354,3276.7478804785364,794.9396114459129,2288.5644818229707,193.24378720965288
GEORGIA,2012,9919945.0,37591,581.0,2124.0,12463.0,22423.0,338329,86789.0,223004.0,28536.0,378.94363325603115,5.856887311371183,21.411409035029934,125.6357772144906,226.03955969513942,3410.593506314803,874.8939636258065,2248.0366574613063,287.66288522769025
HAWAII,2012,1392313.0,3330,29.0,285.0,1040.0,1976.0,42817,7979.0,31233.0,3605.0,239.17035896382495,2.08286498797325,20.469535226633667,74.69584784455795,141.9221109046601,3075.2424203465744,573.0751634151229,2243.2455920471903,258.92166488426096
IDAHO,2012,1595728.0,3318,29.0,479.0,243.0,2567.0,31651,7186.0,23101.0,1364.0,207.9301735634143,1.8173523307230306,30.01764711780454,15.228159185024014,160.86701492986273,1983.483400679815,450.3273740888171,1447.6777997252664,85.4782268657315
ILLINOIS,2012,12875255.0,53403,744.0,3570.0,19471.0,29618.0,332013,71101.0,235222.0,25690.0,414.77236761524335,5.778526328216412,27.727606171683593,151.22807276438408,230.03816235095928,2578.6906744759617,552.2298393313375,1826.9308064189797,199.53002872564466
INDIANA,2012,6537334.0,22602,310.0,1667.0,6598.0,14027.0,198032,47612.0,136759.0,13661.0,345.7372684338907,4.741994213543319,25.499691464441007,100.92799297083491,214.5675897850714,3029.2470906335825,728.3091241781435,2091.968989193454,208.9689772619848
IOWA,2012,3074186.0,8112,45.0,871.0,962.0,6234.0,69839,17096.0,48720.0,4023.0,263.87472976586326,1.4638021251804543,28.33270335627057,31.2928365427466,202.78538774166557,2271.78836934395,556.1146918241121,1584.8097675287052,130.8639099911326
KANSAS,2012,2885905.0,10232,84.0,1053.0,1500.0,7595.0,90710,18767.0,65165.0,6778.0,354.55082547762316,2.9106987236239585,36.4876875711432,51.976762921856405,263.1756762609996,3143.208109761063,650.2986065029861,2258.0438372018484,234.86566605622846
KENTUCKY,2012,4380415.0,9752,195.0,1272.0,3535.0,4750.0,111826,29587.0,75571.0,6668.0,222.62730814317823,4.451633007374872,29.03834454041455,80.70011631318037,108.43721428220842,2552.8631419625767,675.4382860984633,1725.2018358991102,152.22301996500332
LOUISIANA,2012,4601893.0,22868,495.0,1158.0,5475.0,15740.0,162936,42140.0,112915.0,7881.0,496.92593895599055,10.756443055064514,25.163557692453956,118.97277924541054,342.0331589630615,3540.629910343417,915.7101218998355,2453.664176894161,171.25561154942108
MAINE,2012,1329192.0,1631,25.0,372.0,423.0,811.0,33361,7461.0,24905.0,995.0,122.70612522494869,1.8808418949256391,27.986927396493506,31.82384486214181,61.01451107138773,2509.8706582645696,561.3184551216077,1873.6946957249215,74.85750741804044
MARYLAND,2012,5884563.0,28055,369.0,1235.0,10141.0,16310.0,162031,33732.0,113274.0,15025.0,476.7558780490582,6.2706440563216,20.987114931049256,172.33225304920688,277.1658660124804,2753.4924853383336,573.2286322705696,1924.934782752772,255.32907031499195
MASSACHUSETTS,2012,6646144.0,26953,121.0,1642.0,6552.0,18638.0,143089,34540.0,99317.0,9232.0,405.54342487914795,1.8206045490437763,24.70605512008166,98.58347938293242,280.4332858270901,2152.962680315082,519.6998439997689,1494.3552231188492,138.90761319646398
MICHIGAN,2012,9883360.0,44922,689.0,4589.0,10434.0,29210.0,250101,65665.0,159321.0,25115.0,454.52153923362096,6.971313399491671,46.431577924916226,105.57138463032814,295.54726327888494,2530.5260559162066,664.3995564261547,1612.0125139628626,254.11398552718916
MINNESOTA,2012,5379139.0,12419,99.0,1638.0,3475.0,7207.0,138152,25378.0,104316.0,8458.0,230.87337955014732,1.8404432382208378,30.45096994147205,64.60141669512537,133.9805496753291,2568.29206309783,471.78554039968105,1939.2694630125752,157.23705968557422
MISSISSIPPI,2012,2984926.0,7786,220.0,822.0,2284.0,4460.0,83906,28076.0,51508.0,4322.0,260.84398742213375,7.370366970571466,27.538371135498835,76.51780982175103,149.41743949431242,2810.9909592398603,940.5928321171111,1725.603917819068,144.7942093036812
MISSOURI,2012,6021988.0,27155,389.0,1511.0,5782.0,19473.0,199590,42466.0,140816.0,16308.0,450.9308221803165,6.459660829613078,25.09138178289296,96.01480441342626,323.36497515438424,3314.3539973842526,705.1824082014112,2338.364008696132,270.8075804867097
MONTANA,2012,1005141.0,2736,27.0,379.0,191.0,2139.0,25970,3894.0,20387.0,1689.0,272.20061662990565,2.6861902956898587,37.706152669128016,19.002309128769,212.80596453631875,2583.7171103357637,387.4083337561596,2028.272650304783,168.03612627482116
NEBRASKA,2012,1855525.0,4814,53.0,711.0,1130.0,2920.0,51118,8735.0,38236.0,4147.0,259.4413979870926,2.856334460597405,38.31799625442934,60.89920642405788,157.36786084800798,2754.9076406946824,470.7562549682704,2060.6566874604223,223.49469826598943
NEVADA,2012,2758931.0,16763,124.0,931.0,4918.0,10790.0,77510,22120.0,45372.0,10018.0,607.5904036744666,4.494494425558305,33.74495411447405,178.25744826528825,391.09350686914604,2809.4214752018083,801.7598120431428,1644.5500086808986,363.11165447776693
NEW HAMPSHIRE,2012,1320718.0,2481,15.0,449.0,472.0,1545.0,30693,5444.0,24226.0,1023.0,187.8523651528941,1.1357458594491785,33.99665939284541,35.73813637733414,116.98182352326536,2323.963177604909,412.2000305894218,1834.305279401053,77.45786761443397
NEW JERSEY,2012,8864590.0,25727,388.0,1035.0,11385.0,12919.0,181481,42338.0,122662.0,16481.0,290.2221084111053,4.3769649808959015,11.675666894915613,128.43233584407173,145.73714069122204,2047.2576847885803,477.6081014463162,1383.7300991924049,185.91948414985916
NEW MEXICO,2012,2085538.0,11660,116.0,957.0,1847.0,8740.0,75094,21384.0,48247.0,5463.0,559.0883503441319,5.562113948535102,45.887440075414595,88.5622798529684,419.0765164672137,3600.7015935456466,1025.34693685754,2313.4078592670094,261.9467974210971
NEW YORK,2012,19570261.0,79610,684.0,2848.0,28655.0,47423.0,376140,64553.0,294239.0,17348.0,406.79069124320824,3.4950990178414076,14.552692986567731,146.4211437956806,242.32175544311852,1921.9978721796301,329.8525247057257,1503.5006431442075,88.64470432969698
NORTH CAROLINA,2012,9752073.0,34464,479.0,1984.0,9392.0,22609.0,328594,99323.0,213151.0,16120.0,353.4017844206047,4.9117761936359585,20.34439241789925,96.30772862344242,231.8378871856271,3369.4784688342675,1018.4808911910318,2185.699389247804,165.2981883954314
NORTH DAKOTA,2012,699628.0,1712,28.0,272.0,131.0,1281.0,14063,2377.0,10535.0,1151.0,244.70146992401675,4.002126844551676,38.87780363278771,18.724236308438197,183.09730313823917,2010.0682076760793,339.7519824821191,1505.8002252625681,164.51599993139212
OHIO,2012,11544225.0,34595,495.0,3658.0,15235.0,15207.0,359883,103421.0,236950.0,19512.0,299.673646346983,4.287858214821696,31.686839090540943,131.9707472784011,131.72820176321926,3117.4288442922757,895.8678473435853,2052.541422226265,169.01957472242614
OKLAHOMA,2012,3814820.0,17902,216.0,1588.0,3231.0,12867.0,129743,35731.0,82448.0,11564.0,469.27509030570246,5.662128226233479,41.62712788545724,84.69600138407579,337.289832809936,3401.0254743343066,936.6365909793908,2161.2553147986014,303.1335685563146
OREGON,2012,3899353.0,9653,92.0,1140.0,2413.0,6008.0,125723,21901.0,93619.0,10203.0,247.55388906826337,2.359365771706229,29.235619345055447,61.882060947034034,154.07684300446766,3224.2015534371985,561.6572800667187,2400.8854802322335,261.65879313824627
PENNSYLVANIA,2012,12763536.0,44503,685.0,3327.0,15673.0,24818.0,276496,56859.0,204609.0,15028.0,348.67296962221127,5.366851317691273,26.066444283151625,122.79512511266469,194.44454890870367,2166.2962364034543,445.4799986461432,1603.0745711846623,117.74166657264884
RHODE ISLAND,2012,1050292.0,2651,34.0,288.0,713.0,1616.0,27017,5949.0,18440.0,2628.0,252.40599757019953,3.237194989583849,27.420945794122012,67.88588316392013,153.86197362257352,2572.332265693731,566.4139115598329,1755.7022237625345,250.2161303713634
SOUTH CAROLINA,2012,4723723.0,26397,324.0,1679.0,4489.0,19905.0,180550,45086.0,122263.0,13201.0,558.8176952797613,6.858996600774431,35.543997816976145,95.03097450887785,421.38372635313294,3822.1970255241467,954.4590146373952,2588.2762388903834,279.4617719963681
SOUTH DAKOTA,2012,833354.0,2682,25.0,585.0,158.0,1914.0,17168,3258.0,12845.0,1065.0,321.83201856593956,2.999925601845074,70.19825908317473,18.959529803660867,229.67430407725888,2060.108909299049,390.9503044324501,1541.3617742279991,127.79683063860016
TENNESSEE,2012,6456243.0,41550,388.0,2032.0,8169.0,30961.0,217664,56181.0,148503.0,12980.0,643.5631372610975,6.009687057937565,31.473412633322507,126.52869478425765,479.5513427855798,3371.3724839662946,870.1810015515215,2300.1457658889235,201.04571652584946
TEXAS,2012,26059203.0,106476,1144.0,7711.0,30382.0,67239.0,876059,204810.0,606253.0,64996.0,408.59269564000095,4.3900037925181365,29.590314024569363,116.58836995129897,258.02400787161446,3361.802738172768,785.9411510014331,2326.444903169141,249.416684002193
UTAH,2012,2855287.0,5876,50.0,943.0,1100.0,3783.0,85424,12943.0,66482.0,5999.0,205.7936732804793,1.7511374513315123,33.02645233211232,38.52502392929327,132.4910595677422,2991.7833128508623,453.2994406516753,2328.382400788432,210.10147141075487
VERMONT,2012,626011.0,893,8.0,121.0,112.0,652.0,15016,3965.0,10616.0,435.0,142.6492505722743,1.2779328158770373,19.32873384014019,17.89105942227852,104.15152449397854,2398.6798954011992,633.3754518690566,1695.8168466688285,69.48759686331391
VIRGINIA,2012,8185867.0,15564,314.0,1452.0,4706.0,9092.0,176985,29511.0,138398.0,9076.0,190.13257850390193,3.835879571461398,17.73788897376417,57.48932886400427,111.06948109467207,2162.08008265954,360.5115988324755,1690.694461564059,110.87402226300524
WASHINGTON,2012,6897012.0,20386,206.0,2193.0,5745.0,12242.0,252333,60725.0,165206.0,26402.0,295.57727317278847,2.98680066092389,31.796377909738307,83.29694076217353,177.49715383995272,3658.5843260820775,880.4537385174914,2395.327135866952,382.8034516976337
WEST VIRGINIA,2012,1855413.0,5869,72.0,421.0,838.0,4538.0,43878,11291.0,30378.0,2209.0,316.3177147082617,3.8805376484911984,22.690365972427703,45.16514651993923,244.58166456740358,2364.8643186180116,608.5437581821407,1637.2635095259116,119.05705090995912
WISCONSIN,2012,5726398.0,16064,173.0,1219.0,4622.0,10050.0,140513,27945.0,104352.0,8216.0,280.5253843690222,3.021096333157423,21.28737820877976,80.71391475059889,175.50299507648614,2453.7763529534623,488.0031042201398,1822.297367385222,143.4758813481005
WYOMING,2012,576412.0,1161,14.0,154.0,61.0,932.0,13222,2125.0,10513.0,584.0,201.4184298730769,2.4288182758166035,26.717001033982637,10.582708201772343,161.6899023615053,2293.8453744890808,368.65991686502014,1823.869038118568,101.3164195054926
ALABAMA,2013,4833722.0,20826,347.0,2044.0,1428.0,4648.0,13787,161993.0,42429.0,108993.0,430.84811248971295,7.178733075671295,42.28625477427126,29.542451965586768,96.15778482916477,285.2253398106056,3351.3098188104323,877.7707944312891,2254.846265465825
ALASKA,2013,735132.0,4708,34.0,922.0,644.0,624.0,3128,21210.0,2916.0,16599.0,640.4292018304195,4.6250197243488245,125.41965252498872,87.60331477884245,84.88271494099018,425.5018146400918,2885.1961280423106,396.66345635885796,2257.9618354254744
ARIZONA,2013,6626624.0,27599,357.0,3050.0,2343.0,6702.0,17490,225243.0,48533.0,159272.0,416.48658502428987,5.387358630880521,46.02645328903526,35.35737051023266,101.13747211249651,263.9353009918776,3399.061120715465,732.3940516317208,2403.516481393844
ARKANSAS,2013,2959373.0,13621,159.0,1423.0,993.0,2258.0,9781,106613.0,30485.0,70450.0,460.2664145411882,5.3727597028154275,48.08450979312172,33.554404936451064,76.29994596828449,330.50919907696664,3602.553649033089,1030.116852454895,2380.571830587087
CALIFORNIA,2013,38332521.0,154129,1746.0,9714.0,7464.0,53640.0,89029,1018907.0,232058.0,621557.0,402.0841728619936,4.554879132525617,25.34140658267689,19.471716978906763,139.93340015387977,232.25448699291132,2658.0745889371588,605.3815244763057,1621.4874049113544
COLORADO,2013,5268367.0,16226,178.0,2934.0,2050.0,3151.0,9963,140057.0,25081.0,102443.0,307.9891738749408,3.378656042754804,55.69088106428425,38.91148813285027,59.80980444224937,189.10983232565232,2658.451850450054,476.06782139513064,1944.4924774602832
CONNECTICUT,2013,3596080.0,9440,86.0,955.0,668.0,3530.0,4869,70990.0,12892.0,51876.0,262.5080643367222,2.3914929589997995,26.556695067962895,18.57578251874263,98.16244354964294,135.39743276011657,1974.0940134813463,358.50147938866763,1442.5707993148094
DELAWARE,2013,925749.0,4549,39.0,380.0,266.0,1226.0,2904,28379.0,6131.0,20916.0,491.3858940166287,4.212804982776109,41.04784342192106,28.733490395344738,132.43330535598741,313.69194025594413,3065.517759133415,662.2745474205211,2259.3597184550026
FLORIDA,2013,19552860.0,91986,972.0,6760.0,4722.0,23200.0,61054,607172.0,138916.0,433344.0,470.4478014980929,4.971139771879919,34.572947384679274,24.149919755984545,118.65271883499395,312.2509955065397,3105.2848534690065,710.4638400725008,2216.269128915156
GEORGIA,2013,9992167.0,36541,556.0,2582.0,1984.0,12488.0,20915,334399.0,82258.0,225315.0,365.6964500293079,5.564358562061663,25.840240660509373,19.855552854550968,124.97789518529864,209.31395562143825,3346.611400710176,823.2248320109142,2254.916275918927
HAWAII,2013,1404054.0,3533,21.0,385.0,296.0,1131.0,1996,42875.0,7533.0,31658.0,251.628498618999,1.4956689699968806,27.42059778327614,21.081810243765553,80.5524573841177,142.15977448160825,3053.6574804102975,536.5178262374524,2254.7565834362495
IDAHO,2013,1612136.0,3498,27.0,655.0,457.0,220.0,2596,30055.0,6640.0,21879.0,216.97921267188374,1.6747966672786914,40.62932655805714,28.347484331346738,13.646491363011558,161.0285980835364,1864.2968087059653,411.87592113816703,1357.1435660514994
ILLINOIS,2013,12882135.0,48974,706.0,4263.0,3276.0,17722.0,26283,292983.0,58237.0,213813.0,380.1699019611268,5.4804580141412895,33.092340671790815,25.43056721576043,137.57036391871378,204.0267393564809,2274.3357370497984,452.07568465941404,1659.7636960022544
INDIANA,2013,6570902.0,23487,355.0,2142.0,1646.0,7108.0,13882,187536.0,42909.0,130423.0,357.43951134867024,5.402606826277427,32.598264287003516,25.049833340993366,108.1738854117745,211.2647548236148,2854.0373909091936,653.0153698837694,1984.8568735312138
IOWA,2013,3090416.0,8388,43.0,1083.0,757.0,939.0,6323,67800.0,15868.0,47686.0,271.4197700244886,1.391398439562829,35.04382581503591,24.49508415695492,30.38425894766271,204.60028682222716,2193.8794000548796,513.4583823019295,1543.028511371932
KANSAS,2013,2893957.0,9838,112.0,1195.0,835.0,1350.0,7181,85280.0,17375.0,61264.0,339.9497642846801,3.870133523062022,41.29294250052782,28.853227604971323,46.64893085833687,248.13775740275338,2946.8302397029397,600.389017528595,2116.963037114926
KENTUCKY,2013,4395295.0,9222,167.0,1611.0,1126.0,3246.0,4198,103857.0,26213.0,71612.0,209.81526837220255,3.7995174385337047,36.65282990106466,25.618303208317077,73.85169823640962,95.51122279619457,2362.9130695436825,596.3877282412216,1629.2876814866806
LOUISIANA,2013,4625470.0,23984,498.0,1619.0,1244.0,5548.0,16319,165686.0,41184.0,115342.0,518.5202801012654,10.766473461075307,35.001848460805064,26.894564228067633,119.94456779527269,352.8073903841123,3582.035987694224,890.3743835761555,2493.627674593068
MAINE,2013,1328302.0,1718,24.0,447.0,344.0,335.0,912,30447.0,6483.0,23050.0,129.33805715868831,1.806818027828009,33.65198576829667,25.897725065534797,25.22016830509929,68.65908505746434,2292.174520553308,488.066719767041,1735.298147559817
MARYLAND,2013,5928814.0,28089,381.0,1532.0,1177.0,10048.0,16128,157913.0,31949.0,112546.0,473.7709767923231,6.426243090102,25.839906598520376,19.852199782283606,169.47740306914673,272.0274240345539,2663.4837928799925,538.8767466815455,1898.2885953244613
MASSACHUSETTS,2013,6692824.0,27667,137.0,2718.0,2089.0,6706.0,18106,137285.0,30735.0,97428.0,413.3830502639843,2.0469685143371468,40.61066001436763,31.212534499637226,100.19686757040077,270.5285541648787,2051.2268065020085,459.22319188432266,1455.7083825900695
MICHIGAN,2013,9895622.0,44523,631.0,6593.0,4606.0,10105.0,27194,230334.0,56344.0,149423.0,449.9262401090098,6.376557229045329,66.62542283850374,46.54583612834039,102.11586497544066,274.80839506602007,2327.6353927019445,569.3831069941839,1509.9909838916644
MINNESOTA,2013,5420380.0,12705,114.0,2008.0,1403.0,3674.0,6909,131195.0,22713.0,100516.0,234.3931606271147,2.103173578236212,37.04537320261679,25.883794125135136,67.78122567052495,127.46338817573675,2420.4022596201744,419.0296621270096,1854.40873149115
MISSISSIPPI,2013,2991207.0,8214,195.0,930.0,715.0,2409.0,4680,81500.0,24995.0,52117.0,274.6048668647807,6.519107504094501,31.091128096450696,23.903394181679836,80.53605116596745,156.45858009826802,2724.6526235061633,835.6158567427798,1742.3401322609902
MISSOURI,2013,6044171.0,26197,371.0,2287.0,1599.0,5484.0,18055,189606.0,38865.0,134416.0,433.4258577396305,6.138145330434893,37.83810881591536,26.455240925513195,90.732045800822,298.7175577924582,3137.0058855052253,643.0162217448844,2223.894724355085
MONTANA,2013,1015165.0,2567,22.0,410.0,287.0,204.0,1931,25953.0,4064.0,20039.0,252.86529775947753,2.1671353917836016,40.387523210512576,28.271266247358806,20.095255451084306,190.21538370609704,2556.530219225446,400.3290105549344,1973.9648234523452
NEBRASKA,2013,1868516.0,4897,57.0,801.0,616.0,1040.0,2999,49018.0,8900.0,35655.0,262.0796396712685,3.050549205893875,42.86824410387709,32.967338786502225,55.659143405782984,160.5017029557146,2623.3652802544907,476.3138233764121,1908.1988058973004
NEVADA,2013,2790136.0,16824,163.0,1418.0,1090.0,5183.0,10060,79177.0,23047.0,46132.0,602.9813600483991,5.8420091350385785,50.82189542015156,39.06619605639295,185.7615542754905,360.55590121771843,2837.7469772082795,826.0170830382461,1653.3961068564402
NEW HAMPSHIRE,2013,1323459.0,2849,22.0,686.0,479.0,649.0,1492,29040.0,4936.0,23164.0,215.26923010081913,1.6623106571491826,51.83386867292451,36.19303658065721,49.038164385900885,112.73488638484457,2194.250067436921,372.9620638040166,1750.2620028274393
NEW JERSEY,2013,8899339.0,25674,401.0,1120.0,861.0,12082.0,12071,167556.0,35873.0,117936.0,288.4933364152102,4.50595263311129,12.585204361807095,9.674875853139206,135.76289205299406,135.63928736729773,1882.7915196847764,403.09735363491603,1325.222019298287
NEW MEXICO,2013,2085287.0,12782,125.0,1465.0,1126.0,1810.0,9382,77256.0,21476.0,49875.0,612.9611895149205,5.9943787114195795,70.25411849783747,53.99736343246757,86.7986037413555,449.9140885643079,3704.8137738354485,1029.882217651575,2391.757105856412
NEW YORK,2013,19651127.0,77372,648.0,3353.0,2577.0,27241.0,46130,358598.0,56442.0,286674.0,393.7280543757108,3.297520798679893,17.062634626502593,13.113751694750126,138.62309271117124,234.74480623935713,1824.8215484027965,287.2201680850162,1458.8170948159868
NORTH CAROLINA,2013,9848060.0,33700,469.0,2369.0,1821.0,9349.0,21513,308049.0,90702.0,202741.0,342.1993773392932,4.762359287006781,24.055499255690968,18.490951517354688,94.93240293012025,218.4491158664752,3128.0170916911557,921.0138849682069,2058.6897317847374
NORTH DAKOTA,2013,723393.0,1954,16.0,330.0,230.0,162.0,1446,15148.0,2934.0,10798.0,270.1159673925515,2.211799118874526,45.6183568267871,31.794612333821313,22.394466078604577,199.89134536828527,2094.0208157944576,405.5886634236162,1492.6879303504459
OHIO,2013,11570808.0,33121,455.0,4041.0,2824.0,14368.0,14257,338731.0,91433.0,227766.0,286.24621547604977,3.932309653742418,34.92409518851233,24.406247169601293,124.17456067026606,123.21524996352892,2927.4619369710394,790.2041067486385,1968.4537155918586
OKLAHOMA,2013,3850568.0,16989,195.0,2180.0,1675.0,3031.0,11583,126057.0,33348.0,81495.0,441.20763482166785,5.064187932793292,56.61502406917629,43.50007583296802,78.71565961177676,300.81276320792153,3273.724811508328,866.0540470912343,2116.441002989689
OREGON,2013,3930065.0,9984,80.0,1897.0,1459.0,2397.0,5610,124737.0,20769.0,94106.0,254.0415998208681,2.0355897421543916,48.268921760836015,37.12406792254072,60.99135764930097,142.74573066857673,3173.9169708389045,528.4645419350571,2394.515103439765
PENNSYLVANIA,2013,12773801.0,42849,594.0,3774.0,2638.0,14762.0,23719,263240.0,52034.0,197436.0,335.4443990477071,4.650142897951831,29.5448473011283,20.651644721880356,115.56466238983995,185.684746458787,2060.7804990855893,407.34938645122156,1545.6323454545752
RHODE ISLAND,2013,1051511.0,2705,31.0,440.0,307.0,684.0,1550,25678.0,5607.0,17838.0,257.2488542678108,2.948138440777129,41.84454561103022,29.19608068769609,65.04924817714698,147.40692203885646,2442.009641363714,533.2326528205601,1696.4159195671753
SOUTH CAROLINA,2013,4774839.0,24278,297.0,2171.0,1518.0,3972.0,17838,173049.0,40958.0,119511.0,508.4569343594622,6.220105012964836,45.46750162675642,31.791647844042494,83.186050880459,373.5832768392819,3624.1850248772785,857.7880845825377,2502.9325596109106
SOUTH DAKOTA,2013,844877.0,2674,20.0,499.0,349.0,159.0,1996,16177.0,3372.0,11867.0,316.49577394105887,2.3672084812345466,59.06185160680194,41.30778799754284,18.819307425814646,236.24740642720775,1914.7165800465627,399.11134993614456,1404.5831523405182
TENNESSEE,2013,6495978.0,38364,328.0,2351.0,1642.0,7307.0,28378,206629.0,50999.0,143802.0,590.5808178537551,5.049278184131781,36.19162503321286,25.277179202269465,112.48498686417966,436.8549277722307,3180.875920454164,785.0857869284656,2213.708236080849
TEXAS,2013,26448193.0,107998,1139.0,9766.0,7504.0,31801.0,65292,861734.0,190898.0,605091.0,408.3379155619441,4.306532397128227,36.92501790197916,28.372448734021262,120.23883824501735,246.86752701781933,3258.1961270473184,721.7808793213208,2287.834938288601
UTAH,2013,2900872.0,6498,49.0,1422.0,994.0,1243.0,3784,85586.0,13333.0,64788.0,224.00161055020698,1.6891472633056543,49.01974302899266,34.265558769914705,42.849184658957725,130.44353559895094,2950.35423831179,459.6204175847814,2233.397406021362
VERMONT,2013,626630.0,759,10.0,130.0,91.0,73.0,546,13875.0,3313.0,10228.0,121.12410832548714,1.5958380543542439,20.745894706605174,14.522126294623622,11.649617796785982,87.13275776774172,2214.2253004165136,528.701147407561,1632.223161993521
VIRGINIA,2013,8260405.0,16205,316.0,2262.0,1581.0,4565.0,9062,170654.0,26640.0,135478.0,196.17682183863866,3.825478290713349,27.38364523289112,19.139497397524696,55.263634168058346,109.70406414697585,2065.92776020062,322.50234703988485,1640.0890755356425
WASHINGTON,2013,6971406.0,20153,160.0,2573.0,1797.0,5819.0,11601,258662.0,58353.0,171910.0,289.08085399128953,2.295089398035346,36.907906382155915,25.776722801684482,83.469532544798,166.40832566630033,3710.3275867163666,837.0334477722283,2465.930115101602
WEST VIRGINIA,2013,1854304.0,5568,61.0,653.0,456.0,651.0,4203,39013.0,9674.0,27423.0,300.27438866550466,3.289643985020795,35.215369216698015,24.5914370027784,35.10751203686127,226.66186342692458,2103.9160784855126,521.705178870347,1478.8837213315617
WISCONSIN,2013,5742713.0,15961,162.0,1687.0,1296.0,4834.0,9278,125688.0,24347.0,93953.0,277.9348367226431,2.820966327239408,29.376359222548647,22.567730617915263,84.1762421350327,161.56126903782237,2188.6519490004116,423.96337758825837,1636.0385761921239
WYOMING,2013,582658.0,1195,17.0,187.0,144.0,75.0,916,12809.0,1955.0,10276.0,205.09458378671533,2.917663535041139,32.09429888545253,24.714326414466118,12.872045007534437,157.21057635868726,2198.3736600201146,335.531306529731,1763.641793298985
ALABAMA,2014,4849377.0,20727,276.0,2005.0,1436.0,4701.0,13745,154094.0,39715.0,104238.0,427.4157278347301,5.69145273712479,41.3455171664319,29.61205119750434,96.94028738124506,283.43847054992835,3177.604050994592,818.9711791844603,2149.513226131934
ALASKA,2014,736732.0,4684,41.0,771.0,555.0,629.0,3243,20334.0,3150.0,15445.0,635.7807180901603,5.565117301813957,104.65135218776977,75.3326854269938,85.37704348392631,440.18720511665026,2760.0267125630485,427.5638902613162,2096.4204079638184
ARIZONA,2014,6731484.0,26916,319.0,3378.0,2464.0,6249.0,16970,215240.0,43562.0,154091.0,399.852395103368,4.738925324638668,50.18209951921449,36.604112852381434,92.8324274409625,252.09894281855236,3197.511871082216,647.1381347708767,2289.1089097144104
ARKANSAS,2014,2966369.0,14243,165.0,1763.0,1182.0,2050.0,10265,99018.0,24790.0,68627.0,480.14930037362177,5.562355863346738,59.432929618668474,39.846694730156635,69.10805769612614,346.0459571954804,3338.020320465863,835.7018294082766,2313.501792932707
CALIFORNIA,2014,38802500.0,153709,1699.0,11527.0,8398.0,48680.0,91803,947192.0,202670.0,592670.0,396.1316925455834,4.37858385413311,29.7068487855164,21.642935377875137,125.4558340313124,236.59042587462147,2441.059210102442,522.3117067199279,1527.4015849494233
COLORADO,2014,5355866.0,16554,151.0,3039.0,2121.0,3039.0,10325,135510.0,23472.0,99464.0,309.0816685854351,2.819338646635297,56.74152415314349,39.60143887095009,56.74152415314349,192.77928163251283,2530.1230463943643,438.24845505843496,1857.1039678737293
CONNECTICUT,2014,3596677.0,8522,86.0,782.0,571.0,3159.0,4495,69070.0,11955.0,51005.0,236.9409318657194,2.391096003338637,21.742291565242027,15.87576532449258,87.83107295984598,124.97647133729274,1920.383731983717,332.39014790596985,1418.1145540731068
DELAWARE,2014,935614.0,4576,54.0,386.0,249.0,1269.0,2867,27900.0,5768.0,20865.0,489.0905865025534,5.771610942119293,41.256330067741615,26.61353934421674,135.63285713980338,306.42978835288915,2981.9989867616346,616.4935539656311,2230.0863390244267
FLORIDA,2014,19893297.0,107521,1149.0,8563.0,6051.0,24914.0,72895,679446.0,143220.0,493647.0,540.4885876886069,5.775814838535815,43.04464966264767,30.41728075542229,125.23816439276004,366.4299587946633,3415.4519484628413,719.9409931898167,2481.474036204255
GEORGIA,2014,10097343.0,38097,580.0,3048.0,2159.0,12417.0,22052,331316.0,76428.0,228034.0,377.29727513465673,5.744085349977712,30.186158873675975,21.381862535520483,122.97294446667802,218.394086444325,3281.219623815889,756.9119916001665,2258.3564805117544
HAWAII,2014,1419561.0,3680,26.0,445.0,314.0,1107.0,2102,43297.0,7778.0,31640.0,259.23507337831904,1.8315521488685589,31.34771947101956,22.11951441325875,77.98185495374979,148.07394680468116,3050.0274380600763,547.9158697653711,2228.8580765461998
IDAHO,2014,1634464.0,3468,32.0,609.0,468.0,204.0,2623,30316.0,6428.0,22227.0,212.17965033185192,1.9578283767644928,37.25992129529925,28.633240010180707,12.481155901873642,160.48074475791452,1854.7976584372614,393.2787751825675,1359.8953540732618
ILLINOIS,2014,12880580.0,47663,685.0,4159.0,3081.0,15299.0,27520,267385.0,50008.0,199926.0,370.03768463842465,5.3180835024509765,32.288918666706,23.91973032270286,118.77570730510583,213.65497516416184,2075.877017960371,388.2433865555744,1552.150601913889
INDIANA,2014,6596855.0,24099,330.0,2186.0,1615.0,6897.0,14686,174776.0,36893.0,124022.0,365.3104395958377,5.002383711632286,33.13700240493387,24.481362709958002,104.54981957311476,222.6212339061568,2649.383683588619,559.2513402219694,1880.0170687395735
IOWA,2014,3107126.0,8497,60.0,1128.0,828.0,1045.0,6264,65056.0,14428.0,46477.0,273.46815030996487,1.9310449592324226,36.30364523356955,26.64842043740743,33.63236637329803,201.6010937438649,2093.7676811304077,464.3519445300899,1495.8196095040882
KANSAS,2014,2904021.0,10123,91.0,1411.0,1075.0,1362.0,7259,79431.0,15828.0,56697.0,348.5856335060938,3.133586155196536,48.58780291189354,37.01763864655249,46.90048728986464,249.96375714913904,2735.2074933342424,545.0373809280305,1952.3619147382199
KENTUCKY,2014,4413457.0,9340,160.0,1440.0,883.0,3336.0,4404,99166.0,23244.0,69604.0,211.6254899503949,3.6252760591074074,32.627484531966665,20.006992251199005,75.58700583238944,99.78572352693138,2246.9007854840324,526.6619794868286,1577.0857176131997
LOUISIANA,2014,4649676.0,23934,477.0,1375.0,992.0,5695.0,16387,160824.0,38337.0,112596.0,514.7455435604545,10.258779321397878,29.57195297048655,21.334819888525566,122.48165248503336,352.4331587835367,3458.8216469276567,824.5090625669402,2421.5880848472025
MAINE,2014,1330089.0,1700,21.0,485.0,360.0,304.0,890,26421.0,5030.0,20592.0,127.8109961062756,1.5788417166069337,36.46372535973157,27.065857998976007,22.855613421357518,66.91281560857958,1986.4084283081809,378.17018259680367,1548.1670775414277
MARYLAND,2014,5976407.0,26661,365.0,1619.0,1144.0,9544.0,15133,149859.0,28012.0,108745.0,446.10415589165865,6.107348445311707,27.08985515879357,19.14193594914135,159.69461249878063,253.21233978877274,2507.5099470300465,468.709711370059,1819.5715251655386
MASSACHUSETTS,2014,6745408.0,26399,132.0,2180.0,1629.0,6036.0,18051,125267.0,24964.0,92043.0,391.3625387819387,1.9568868184103914,32.3182823040504,24.149762327200964,89.48309724185698,267.60427241762096,1857.0707657713217,370.0888070817955,1364.5282835374821
MICHIGAN,2014,9909877.0,42348,535.0,6273.0,4049.0,8021.0,27519,202547.0,44184.0,137206.0,427.33123731000904,5.398654292076481,63.300482942421986,40.858226595547045,80.93945061073916,277.69264946477136,2043.8901512097475,445.8582079273033,1384.5378706516742
MINNESOTA,2014,5457173.0,12505,88.0,2001.0,1452.0,3687.0,6729,125377.0,20773.0,96237.0,229.147948947193,1.6125565379730495,36.66733673277354,26.607182876555314,67.5624540398481,123.3056016365983,2297.4716029709884,380.6549654922063,1763.4954948285497
MISSISSIPPI,2014,2994079.0,8338,258.0,1058.0,764.0,2430.0,4592,87462.0,24352.0,58591.0,278.4829658803258,8.617007099679066,35.33640895914904,25.517028775793822,81.16018314814005,153.36936667335766,2921.1654067912036,813.338592602266,1956.8955929352567
MISSOURI,2014,6063589.0,26856,403.0,2379.0,1706.0,5592.0,18482,176237.0,35258.0,124622.0,442.90600830630177,6.646228825865341,39.23418952043089,28.13515230006519,92.22260941498509,304.8029805450205,2906.479974153921,581.4708087899756,2055.251436071937
MONTANA,2014,1023579.0,3313,37.0,541.0,430.0,203.0,2532,25312.0,3595.0,19674.0,323.6682268784334,3.614767399487485,52.85376116547916,42.00945896701671,19.832372489079983,247.36732582438677,2472.891686914249,351.21861624750017,1922.0792923653182
NEBRASKA,2014,1881503.0,5275,54.0,862.0,620.0,1043.0,3316,47479.0,7950.0,35074.0,280.3609667377623,2.870045915419747,45.81443664984855,32.95237902889339,55.43440536634807,176.24207880614594,2523.461296633596,422.5345375479072,1864.1479710635595
NEVADA,2014,2839099.0,18045,170.0,1357.0,995.0,5954.0,10564,74538.0,21927.0,42426.0,635.5889667813626,5.987815148397432,47.796853861031266,35.04632983914968,209.7144199621077,372.08987780982625,2625.410385477928,772.3224868171205,1494.3473263877024
NEW HAMPSHIRE,2014,1326813.0,2602,12.0,594.0,458.0,537.0,1459,26041.0,4162.0,21022.0,196.10902214554724,0.9044228538610942,44.76893126612416,34.518805589031764,40.47292271028397,109.96274531527804,1962.6729614497297,313.6839931474895,1584.3981028223268
NEW JERSEY,2014,8938175.0,23346,349.0,1274.0,953.0,10498.0,11225,154993.0,31710.0,111578.0,261.1942594545307,3.90460021201196,14.253468968777183,10.662131811024063,117.45126941461764,125.58492085912391,1734.0564488835807,354.77040894813535,1248.330895289027
NEW MEXICO,2014,2085572.0,12459,101.0,1475.0,1071.0,2086.0,8797,73877.0,18505.0,49082.0,597.3900685279626,4.842796124995925,70.72400281553453,51.35281831555084,100.02052194793562,421.80274763949654,3542.2895972903357,887.2865573569266,2353.407122842079
NEW YORK,2014,19746227.0,75398,617.0,5433.0,3918.0,24045.0,45303,339282.0,50781.0,272765.0,381.83497029584436,3.1246475592527116,27.514117000680688,19.841765214184967,121.7700981559667,229.42610757994427,1718.2117880038552,257.1681162178476,1381.352498378551
NORTH CAROLINA,2014,9943964.0,32767,510.0,2420.0,1740.0,8416.0,21421,285697.0,79373.0,192694.0,329.51647853914193,5.128739404124954,24.33637129016155,17.49805208466161,84.63425651983454,215.4171113250209,2873.069532431936,798.2028092619804,1937.7986485067725
NORTH DAKOTA,2014,739482.0,1960,22.0,358.0,276.0,173.0,1407,15605.0,2707.0,11384.0,265.0504001449663,2.975055511831255,48.412266965254055,37.323423693883015,23.394754706673048,190.26832296120799,2110.260966460306,366.0670577512367,1539.455997576682
OHIO,2014,11594163.0,33030,464.0,5042.0,4097.0,12753.0,14771,324528.0,78845.0,227668.0,284.8847303595783,4.002013771929893,43.487399651014044,35.33674660257925,109.99500352030587,127.40031341632854,2799.0636322777245,680.0404651892508,1963.6432573873594
OKLAHOMA,2014,3878051.0,15744,175.0,1777.0,1277.0,3048.0,10744,115982.0,29508.0,75891.0,405.97712613887745,4.512576033682899,45.82198635345435,32.92891197150321,78.59618143237415,277.04638231936605,2990.729105934914,760.8976777252285,1956.936615841308
OREGON,2014,3970239.0,9224,81.0,1458.0,1052.0,2093.0,5592,114305.0,17230.0,87526.0,232.3285827377143,2.0401794451165283,36.72323001209751,26.497145385957875,52.7172293657888,140.84794391471144,2879.0458206672192,433.97891159700964,2204.552421151472
PENNSYLVANIA,2014,12787209.0,40164,614.0,3827.0,2787.0,13534.0,22189,247016.0,45720.0,188256.0,314.0951242761419,4.801673297120583,29.928344801433994,21.795217392630402,105.84014072187293,173.52496545571438,1931.7428846279122,357.54479339471186,1472.221186030509
RHODE ISLAND,2014,1055173.0,2313,25.0,361.0,253.0,529.0,1398,22935.0,4823.0,16279.0,219.2057605719631,2.369279729485118,34.2123992937651,23.97711086238939,50.13395907590509,132.49012247280777,2173.5772238296468,457.08144541226886,1542.7801886515292
SOUTH CAROLINA,2014,4832482.0,24052,311.0,2068.0,1480.0,3997.0,17676,167217.0,36721.0,117594.0,497.71525274175883,6.435616314763304,42.79374449816885,30.626084070256233,82.71112028973931,365.7747716390873,3460.271554037863,759.8786710431617,2433.407925782238
SOUTH DAKOTA,2014,853175.0,2786,20.0,470.0,413.0,200.0,2096,15902.0,2818.0,12077.0,326.544964397691,2.3441849561930437,55.08834647053653,48.40741934538635,23.441849561930436,245.670583409031,1863.8614586690892,330.2956603275998,1415.5360857971693
TENNESSEE,2014,6549352.0,39848,371.0,2531.0,1861.0,7265.0,29681,200447.0,46642.0,141206.0,608.4266046472994,5.664682551800545,38.64504457845601,28.41502487574343,110.92700468687589,453.189872830167,3060.562327387503,712.1620581700297,2156.0300927481067
TEXAS,2014,26956958.0,109414,1184.0,11393.0,8236.0,31181.0,65656,813934.0,169234.0,576154.0,405.8840763857702,4.392186981928748,42.26367084891403,30.552408769565172,115.6695796313516,243.55863892357587,3019.3837153287104,627.7933882599068,2137.310893907243
UTAH,2014,2942902.0,6346,67.0,1454.0,945.0,1312.0,3513,84711.0,11518.0,65895.0,215.63748979748559,2.2766643265728863,49.40701389308921,32.11116102405041,44.58184472333771,119.37196685448582,2878.4852502733693,391.38238378308216,2239.1163552167213
VERMONT,2014,626562.0,622,10.0,110.0,99.0,70.0,432,9551.0,2034.0,7273.0,99.27189966834887,1.5960112486872806,17.55612373556009,15.80051136200408,11.172078740810965,68.94768594329054,1524.3503436212218,324.6286879829929,1160.7789811702592
VIRGINIA,2014,8326289.0,16340,338.0,2310.0,1432.0,4292.0,9400,160720.0,23122.0,129933.0,196.24589057622188,4.059431518651346,27.74345209492488,17.198538268369017,51.54757419541887,112.8954327672268,1930.271697271137,277.6987443025338,1560.5151346536254
WASHINGTON,2014,7061530.0,20136,174.0,2695.0,2171.0,5640.0,11627,261706.0,55290.0,175769.0,285.1506684811932,2.4640552401533378,38.164533748351985,30.744045553867224,79.86937674979785,164.65270274289,3706.080693560744,782.9747944142417,2489.10646842823
WEST VIRGINIA,2014,1850326.0,5588,74.0,505.0,285.0,651.0,4358,37648.0,8973.0,26779.0,302.0008366093326,3.9992952593218707,27.2924879183452,15.402691201442341,35.182989375926184,235.52606405573937,2034.6684854452676,484.9415724580425,1447.258483099735
WISCONSIN,2014,5757564.0,16714,165.0,1674.0,1168.0,5066.0,9809,120238.0,21216.0,89103.0,290.29638228945436,2.8657953259399287,29.074796215899642,20.286357216350524,87.98860073461624,170.36719001299855,2088.348475153728,368.48917354631226,1547.581581377124
WYOMING,2014,584153.0,1142,16.0,174.0,126.0,53.0,899,11477.0,1689.0,9185.0,195.49672774084868,2.739008444705411,29.786716836171347,21.56969150205511,9.072965473086674,153.8980369868853,1964.7249949927502,289.13657894421493,1572.3620352887
ALABAMA,2015,4858979.0,22952,348.0,2039.0,1456.0,4611.0,15954,144746.0,35255.0,99156.0,472.3626095111751,7.161998436297008,41.963548309222986,29.965142882897826,94.89647928093537,328.34058348471973,2978.9385794834675,725.5639507806064,2040.6756234180061
ALASKA,2015,738432.0,5392,59.0,901.0,650.0,761.0,3671,20806.0,3511.0,15249.0,730.1958745016468,7.989902929450511,122.01529727855782,88.02435430750563,103.0562055815566,497.13446871208185,2817.5918703414804,475.4669353440804,2065.051352054082
ARIZONA,2015,6828065.0,28012,309.0,3108.0,2294.0,6360.0,18235,207107.0,37957.0,152365.0,410.2479985178817,4.525440223547959,45.51802011257948,33.596633892618186,93.144983241958,267.05955493979627,3033.172648473616,555.896875615566,2231.4521024624105
ARKANSAS,2015,2978204.0,15526,181.0,1931.0,1300.0,2098.0,11316,96836.0,22640.0,68424.0,521.3209034706823,6.077488311747617,64.83773441980469,43.65046853741382,70.44514076268784,379.9605399764422,3251.489824068465,760.1896982208069,2297.4920455415413
CALIFORNIA,2015,39144818.0,166883,1861.0,12811.0,9387.0,52862.0,99349,1024914.0,197404.0,656517.0,426.32207409930993,4.754141403850696,32.727192651655706,23.98018557654298,135.04214018826195,253.79859985554154,2618.262269095235,504.29152589239266,1677.1491950735344
COLORADO,2015,5456574.0,17515,176.0,3257.0,2377.0,3323.0,10759,144136.0,23454.0,104682.0,320.98895754002416,3.225467115446432,59.689468153460396,43.56213257622824,60.899018321752806,197.17500394936457,2641.510955409017,429.83014616863994,1918.456526017974
CONNECTICUT,2015,3590886.0,7845,117.0,773.0,582.0,2892.0,4063,65066.0,10053.0,48675.0,218.46975927389505,3.2582487998783587,21.52672070346984,16.207699158369273,80.53722674571122,113.14756302483566,1811.9762086571393,279.9587622664713,1355.5150455904197
DELAWARE,2015,945934.0,4720,63.0,341.0,243.0,1235.0,3081,25455.0,4773.0,19501.0,498.9777299473325,6.6600841073478705,36.04902667627974,25.688895842627495,130.55879162816856,325.7098275355363,2690.991126230794,504.5806578471648,2061.560320276045
FLORIDA,2015,20271272.0,93626,1041.0,7553.0,5430.0,21137.0,63895,570270.0,109268.0,420341.0,461.86544189234894,5.135346218037033,37.25962534566158,26.786676238175875,104.27071374702089,315.1997565816294,2813.192975754062,539.0288285806632,2073.579793118064
GEORGIA,2015,10214860.0,38643,615.0,3224.0,2296.0,12247.0,22557,308723.0,66374.0,215867.0,378.30180736691443,6.020640517833823,31.561861836579258,22.47705793324627,119.89395840961109,220.82534660289028,3022.2930123369288,649.7788515946376,2113.264401078429
HAWAII,2015,1431603.0,4201,19.0,561.0,400.0,1203.0,2418,54346.0,6557.0,42010.0,293.4472755365838,1.327183583716994,39.18684160343335,27.940707025620927,84.03167637955495,168.9015739698785,3796.1641600359876,458.0180399174911,2934.472755365838
IDAHO,2015,1654930.0,3568,32.0,694.0,533.0,192.0,2650,28858.0,6124.0,20863.0,215.59824282598055,1.9336165275872697,41.93530844204891,32.206800287625455,11.601699165523618,160.12761869082075,1743.7595547847943,370.0458629670137,1260.6575504704126
ILLINOIS,2015,12859995.0,49354,744.0,4821.0,3549.0,14910.0,28879,255729.0,46443.0,191634.0,383.77930940097565,5.785383275809982,37.48835050091388,27.597211351948427,115.94094709990166,224.56462852435013,1988.56220395109,361.1432197290901,1490.156100371734
INDIANA,2015,6619680.0,25653,373.0,2404.0,1789.0,7111.0,15765,171847.0,34410.0,123918.0,387.5262852585019,5.6347134604693885,36.31595484978126,27.0254755516883,107.42211103860005,238.15350590965122,2596.0016194136274,519.8136465811036,1871.963599448916
IOWA,2015,3123899.0,8936,72.0,1156.0,851.0,1047.0,6661,63957.0,14892.0,44723.0,286.05278211619515,2.304812031374894,37.00503761485246,27.241597759722705,33.51580828957658,213.22712418039123,2047.3453207033904,476.71195515604063,1431.640395544158
KANSAS,2015,2911641.0,11353,128.0,1615.0,1251.0,1818.0,7792,79199.0,15362.0,56880.0,389.91757569013487,4.3961463655718545,55.467002971863636,42.96546174476867,62.43901634851275,267.61541000418663,2720.081218804104,527.6062536555846,1953.5375412009928
KENTUCKY,2015,4425092.0,9676,209.0,1492.0,997.0,3307.0,4668,96362.0,22260.0,66320.0,218.6621204711676,4.723065644736878,33.71681311936565,22.53060501340989,74.73290950787012,105.48933219919495,2177.6270414264836,503.04038876479854,1498.7259021959317
LOUISIANA,2015,4670724.0,25208,481.0,1723.0,1260.0,5550.0,17454,156629.0,35453.0,111435.0,539.7021960621094,10.298189317116575,36.88935591141759,26.976545820305372,118.8252613513451,373.6893894822302,3353.4201549909612,759.0472055295924,2385.8185583220074
MAINE,2015,1329328.0,1729,23.0,474.0,354.0,311.0,921,24327.0,4684.0,18829.0,130.06571741511502,1.7301975133300433,35.657113970366986,26.629996509514584,23.395279419375804,69.28312651204217,1830.0223872513027,352.35848488860535,1416.429955586582
MARYLAND,2015,6006401.0,27462,516.0,1666.0,1184.0,9863.0,15417,139048.0,25678.0,100219.0,457.2122307518262,8.59083501084926,27.737075829602453,19.712303590785897,164.20815060466327,256.6761693067113,2314.996950753038,427.5105841251691,1668.5366161866316
MASSACHUSETTS,2015,6794422.0,26562,128.0,2075.0,1608.0,5288.0,19071,114871.0,21890.0,84912.0,390.9383314724932,1.8838982918635316,30.53975746575647,23.666472291535616,77.82854818261215,280.686127532261,1690.666255348873,322.1760438194743,1249.7310293649703
MICHIGAN,2015,9922576.0,41231,571.0,6450.0,4163.0,7796.0,26414,187101.0,40041.0,131296.0,415.52717762000515,5.754554059349105,65.0032814059575,41.9548310841862,78.56830726214645,266.2010348925521,1885.60914020714,403.5343241513091,1323.2047806940457
MINNESOTA,2015,5489594.0,13319,133.0,2321.0,1686.0,3771.0,7094,121984.0,19299.0,94704.0,242.62267847130408,2.422765690868942,42.27999374817154,30.71265379552659,68.69360466366001,129.2263143686036,2222.0951130447897,351.5560531434565,1725.154902165807
MISSISSIPPI,2015,2992333.0,8254,259.0,1203.0,862.0,2294.0,4498,84790.0,24799.0,55748.0,275.8382840412481,8.655453788064364,40.202744814831775,28.806954306221932,76.66259069428436,150.3174947440676,2833.575006525009,828.7513455220391,1863.027945084989
MISSOURI,2015,6083672.0,30261,502.0,2553.0,1854.0,6376.0,20830,173642.0,34006.0,122637.0,497.4134042729457,8.251595418030426,41.96478705623841,30.475015747068547,104.80512427362947,342.3918975250474,2854.230142584939,558.9716210867384,2015.8384607191185
MONTANA,2015,1032949.0,3611,36.0,547.0,431.0,210.0,2818,27100.0,3838.0,20844.0,349.58163471768694,3.485167225100174,52.95517978138321,41.725196500504865,20.330142146417685,272.8111455647859,2623.5564388948537,371.5575502759575,2017.9118233330012
NEBRASKA,2015,1896190.0,5212,62.0,873.0,652.0,994.0,3283,42495.0,6422.0,32072.0,274.86697008211206,3.269714532826352,46.03969011544202,34.384739925851314,52.42090718757087,173.1366582462728,2241.072888265416,338.6791408034005,1691.3916854323668
NEVADA,2015,2890845.0,20118,178.0,1688.0,1238.0,6287.0,11965,77137.0,22360.0,43426.0,695.9210888165917,6.157369212116181,58.39123162950625,42.824848789886694,217.47966425041815,413.89282372455114,2668.320162443853,773.4762673197629,1502.190535985153
NEW HAMPSHIRE,2015,1330608.0,2652,14.0,627.0,461.0,468.0,1543,23229.0,3467.0,18871.0,199.3073842934959,1.0521505958178516,47.12131596984236,34.64581604800212,35.17189134591104,115.96202638192464,1745.743299303777,260.55757969289226,1418.2238495484771
NEW JERSEY,2015,8958013.0,22879,363.0,1373.0,1019.0,9729.0,11414,145701.0,27960.0,105963.0,255.4026210946557,4.0522379237449195,15.327059695046213,11.37529048015447,108.6066742702874,127.41664920557717,1626.4879276241284,312.122788837212,1182.8850884677215
NEW MEXICO,2015,2085109.0,13681,117.0,1672.0,1215.0,2485.0,9407,77094.0,17085.0,51483.0,656.1287683281785,5.611217447145449,80.18765445835206,58.27033502804889,119.17842184749094,451.1514745751901,3697.3606655575322,819.3816246536752,2469.079554114437
NEW YORK,2015,19795791.0,75165,609.0,6074.0,4389.0,23936.0,44546,317529.0,44276.0,257940.0,379.7019275461132,3.0764115462726394,30.68329020042695,22.171379764516608,120.91459239997027,225.02763339944335,1604.0227945425368,223.66370709814024,1303.0042598449338
NORTH CAROLINA,2015,10042802.0,34852,517.0,2684.0,1939.0,8825.0,22826,276183.0,74841.0,187907.0,347.0346224091643,5.147965677307987,26.725609048152098,19.30736063501003,87.87388220936747,227.28716547433672,2750.059196626599,745.2203080375377,1871.0614826419958
NORTH DAKOTA,2015,756927.0,1812,21.0,345.0,276.0,148.0,1298,16020.0,2997.0,11440.0,239.3890031667519,2.7743758645153362,45.579032059894814,36.46322564791585,19.552744188012845,171.4828510543289,2116.4524452159853,395.94306980726014,1511.3742804788308
OHIO,2015,11613423.0,33898,500.0,5149.0,4154.0,12554.0,15695,300525.0,69303.0,213993.0,291.8863800965486,4.305362854689784,44.3366266775954,35.76895459676273,108.0990505555511,135.1453400087123,2587.7383438112947,596.7491238371323,1842.6350267272621
OKLAHOMA,2015,3911338.0,16506,234.0,1849.0,1352.0,3005.0,11418,112878.0,28406.0,74022.0,422.00392806758197,5.982607486236168,47.27282582072937,34.5661765871423,76.8279294706824,291.920565289934,2885.9178112451546,726.2476421112162,1892.4981681460408
OREGON,2015,4028977.0,10468,99.0,1593.0,1164.0,2146.0,6630,118719.0,18336.0,89836.0,259.8178147951701,2.457199433007436,39.53857269475601,28.890708485057125,53.26414124478745,164.55790142261918,2946.6288837091897,455.1031192285287,2229.747154178344
PENNSYLVANIA,2015,12802503.0,40339,658.0,4305.0,3122.0,13003.0,22373,232085.0,39664.0,180287.0,315.0868232563585,5.139619963377474,33.626236994437726,24.38585642198248,101.5660765711205,174.75488972742284,1812.8095732529805,309.8144167589728,1408.2168151024844
RHODE ISLAND,2015,1056298.0,2562,29.0,459.0,338.0,556.0,1518,20043.0,3947.0,14707.0,242.5451908457651,2.7454373671066308,43.453646603515296,31.998545864897974,52.636661245216786,143.70944562992642,1897.4759016868345,373.66349268861626,1392.3154261392147
SOUTH CAROLINA,2015,4896146.0,24700,399.0,2297.0,1707.0,3931.0,18073,161245.0,34551.0,113724.0,504.4784203739022,8.149266790655345,46.91445067201836,34.86415642017211,80.28763848136882,369.12706442985973,3293.304570574489,705.6774859246436,2322.724853384683
SOUTH DAKOTA,2015,858469.0,3289,32.0,495.0,441.0,216.0,2546,16680.0,2960.0,12532.0,383.12391012372024,3.7275661672116294,57.660789149054885,51.370521241885264,25.161071628678496,296.57448317877527,1942.9938646590615,344.7998704670757,1459.8081002342542
TENNESSEE,2015,6600299.0,40400,406.0,2676.0,1966.0,7474.0,29844,193796.0,43247.0,137679.0,612.0934824316292,6.151236481862412,40.54361779670891,29.786529367836213,113.23729424985142,452.1613339032065,2936.170012903961,655.2278919485315,2085.9509546461454
TEXAS,2015,27469114.0,113227,1316.0,12250.0,8925.0,31934.0,67727,777739.0,153054.0,557200.0,412.19749570372016,4.790835263197787,44.59554101380918,32.49103702434669,116.25420463142713,246.55691479528608,2831.3217528603213,557.1857905573511,2028.4600369709776
UTAH,2015,2995919.0,7071,54.0,1645.0,1098.0,1326.0,4046,89278.0,12468.0,68103.0,236.02106732525147,1.802451935449523,54.908026552119736,36.64985602080697,44.2602086371494,135.0503802005328,2979.9871091307878,416.16612465156766,2273.192299257757
VERMONT,2015,626042.0,739,10.0,136.0,121.0,101.0,492,8806.0,1968.0,6660.0,118.04319837966143,1.597336919887164,21.723782110465432,19.327776730634685,16.133102890860357,78.58897645844847,1406.6148916526367,314.3559058337939,1063.8263886448515
VIRGINIA,2015,8382993.0,16399,383.0,2340.0,1493.0,4441.0,9235,156470.0,21340.0,127019.0,195.62225567884883,4.568773945057571,27.91365804552145,17.80986814613826,52.976305718017414,110.16351797025239,1866.5171258045903,254.56301824419992,1515.198688582944
WASHINGTON,2015,7170351.0,20394,211.0,2705.0,2193.0,5449.0,12029,248369.0,50993.0,170509.0,284.42122289410935,2.942673238729875,37.72479199414366,30.58427683665695,75.99349041629901,167.7602672449368,3463.8332209957366,711.1646277846091,2377.9728495857457
WEST VIRGINIA,2015,1844128.0,6231,70.0,672.0,420.0,760.0,4729,37251.0,9170.0,25842.0,337.8832705755783,3.795831959603672,36.43998681219525,22.774991757622033,41.211889847125576,256.43556195665377,2019.9790903885198,497.25398670808096,1401.3127071439726
WISCONSIN,2015,5771337.0,17647,240.0,1780.0,1224.0,5232.0,10395,113924.0,19554.0,83385.0,305.7697029301876,4.158481821456622,30.84207350913662,21.208257289428776,90.65490370775437,180.11424389183995,1973.9620126151012,338.8123064031783,1444.8125278423354
WYOMING,2015,586107.0,1302,16.0,173.0,125.0,59.0,1054,11151.0,1762.0,8797.0,222.14373825939632,2.729876967857405,29.51679471495819,21.327163811385976,10.06642131897418,179.83064525760656,1902.55362928612,300.62770108529674,1500.9204803900993
ALABAMA,2016,4863300.0,25886,407.0,1916.0,1385.0,4686.0,18877,143362.0,34065.0,97574.0,532.2723253757737,8.36880307610059,39.397117183805236,28.478605062406185,96.3543273086176,388.15207780725024,2947.8337754199824,700.4503115168712,2006.3331482738058
ALASKA,2016,741894.0,5966,52.0,1053.0,757.0,850.0,4011,24876.0,4053.0,17766.0,804.1580063998362,7.0090875515909286,141.9340229197163,102.03613993373716,114.57162343946709,540.6432724890618,3353.0396525649217,546.3044585884237,2394.681720030085
ARIZONA,2016,6931071.0,32583,380.0,3290.0,2452.0,7055.0,21858,206432.0,37736.0,150275.0,470.1005082764265,5.4825581789596445,47.46741160204534,35.37692803897117,101.78802092779024,315.3625175676313,2978.3564473657825,544.4468827400556,2168.1353430083172
ARKANSAS,2016,2988248.0,16461,216.0,2143.0,1545.0,2120.0,11982,97673.0,23771.0,66747.0,550.857893990057,7.228315722122127,71.71426200235055,51.70253606795687,70.94458023564309,400.9707360299413,3268.570747809419,795.4828381044679,2233.6499514096554
CALIFORNIA,2016,39250017.0,174796,1930.0,13702.0,10149.0,54789.0,104375,1002070.0,188304.0,637010.0,445.3399345024487,4.91719532248865,34.90953902007227,25.857313641418298,139.58974845794333,265.9234517019445,2553.0434802104674,479.755206220675,1622.9547110769404
COLORADO,2016,5540545.0,18983,204.0,3555.0,2619.0,3528.0,11696,151850.0,23903.0,108336.0,342.6197242329049,3.681948255992867,64.16336299046394,47.26971805120254,63.676046309523706,211.0983666769244,2740.7051111397886,431.4196527597917,1955.3311091237413
CONNECTICUT,2016,3576452.0,8123,78.0,763.0,561.0,2703.0,4579,64664.0,10045.0,47512.0,227.12453571304744,2.1809323877406994,21.333992459566073,15.685936788750414,75.57769543670655,128.03191542903414,1808.0488707803152,280.8649466007093,1328.467430850463
DELAWARE,2016,952065.0,4844,56.0,308.0,221.0,1359.0,3121,26334.0,5023.0,19791.0,508.78879068130846,5.881951337356168,32.35073235545892,23.212700813494877,142.742354776197,327.81375221229644,2765.987616391738,527.5900279917862,2078.7446235288558
FLORIDA,2016,20612439.0,88700,1111.0,7598.0,5528.0,20175.0,59816,553812.0,100325.0,410352.0,430.3226803970166,5.389949243755191,36.86123704235098,26.81875735326615,97.87779117260214,290.19370293830826,2686.785392063501,486.72066415818136,1990.7978866547523
GEORGIA,2016,10310371.0,40990,681.0,3509.0,2528.0,12205.0,24595,309770.0,63344.0,219625.0,397.5608637167373,6.604999955869678,34.03369287099368,24.51900130460873,118.3759536877965,238.5462172020774,3004.450567297724,614.3716845882656,2130.1367331980587
HAWAII,2016,1428557.0,4417,35.0,619.0,447.0,994.0,2769,42753.0,6017.0,31082.0,309.19312285054076,2.450024745249927,43.33043763742013,31.290316032191928,69.58070276509793,193.8319577027728,2992.7402266762897,421.194254061966,2175.761975195949
IDAHO,2016,1683140.0,3876,49.0,719.0,529.0,213.0,2895,29357.0,6318.0,20962.0,230.28387418753044,2.9112254476751787,42.717777487315374,31.429352282044274,12.654918782751286,171.9999524697886,1744.1805197428616,375.36984445738324,1245.4103639625937
ILLINOIS,2016,12801539.0,55854,1054.0,4908.0,3635.0,17827.0,32065,262306.0,47989.0,194407.0,436.3069159106573,8.233385064092685,38.339140317425894,28.39502344210333,139.2566940584253,250.4776964707134,2049.0192624496162,374.868990361237,1518.6220969213155
INDIANA,2016,6633053.0,26845,439.0,2501.0,1851.0,7330.0,16575,171759.0,34097.0,122931.0,404.71559627218414,6.618370153231099,37.70511105519585,27.905701944489213,110.50718274073793,249.88493232301926,2589.4410914551713,514.0468499196373,1853.3094790588889
IOWA,2016,3134693.0,9110,71.0,1247.0,922.0,1148.0,6644,65391.0,15030.0,45378.0,290.6185709413968,2.264974592408252,39.78061009483225,29.412768650709975,36.62240608569962,211.9505801684567,2086.041599608,479.47279047740875,1447.6058740042486
KANSAS,2016,2907289.0,11060,111.0,1312.0,971.0,1671.0,7966,78367.0,14364.0,57066.0,380.4231364683731,3.8179898867983195,45.12795253585041,33.39881243316368,57.476226133693615,274.0009679120308,2695.5352563849,494.0685291348745,1962.8595574777737
KENTUCKY,2016,4436974.0,10308,260.0,1641.0,1174.0,3369.0,5038,97158.0,20834.0,66438.0,232.3204959055428,5.859849528079272,36.98466567530033,26.45947440755794,75.93012715422718,113.54585354793605,2189.7356171120227,469.55425026155217,1497.3718574866564
LOUISIANA,2016,4681666.0,26502,554.0,1816.0,1328.0,5576.0,18556,154386.0,34667.0,109380.0,566.0805362877232,11.83339435149795,38.78961036519906,28.36597057543191,119.10290054865085,396.3546310223754,3297.672238899571,740.4842635079051,2336.3477873047755
MAINE,2016,1331479.0,1648,20.0,412.0,300.0,266.0,950,21912.0,4003.0,17134.0,123.77213609827868,1.502089030318916,30.94303402456967,22.53133545478374,19.977784103241582,71.3492289401485,1645.6887416174043,300.643119418331,1286.8396722742152
MARYLAND,2016,6016447.0,28400,481.0,1756.0,1266.0,10289.0,15874,137445.0,24692.0,100919.0,472.03939467928495,7.994751719744228,29.186661163972687,21.042319495210382,171.01455393856207,263.84342785700596,2284.487838087828,410.40833568383465,1677.3853405506607
MASSACHUSETTS,2016,6811779.0,25677,134.0,2128.0,1592.0,5365.0,18050,106339.0,19193.0,79088.0,376.9499861930342,1.9671806733600725,31.24000352918085,23.37128083574056,78.76062919833424,264.98217279215896,1561.1046688390802,281.7619303268647,1161.047649960458
MICHIGAN,2016,9928300.0,45572,598.0,7125.0,5114.0,7120.0,30729,189620.0,39568.0,129876.0,459.0111096562352,6.02318624537937,71.76455183666891,51.50932183757541,71.71419074766072,309.5091808265262,1909.8939395465488,398.53751397520216,1308.1393592055035
MINNESOTA,2016,5519952.0,13394,101.0,2348.0,1731.0,3728.0,7217,117756.0,18606.0,90422.0,242.6470375104711,1.829726055588889,42.5366017675516,31.358968338855124,67.53681916074633,130.7438905265843,2133.2794198210418,337.0681484186819,1638.0939544401838
MISSISSIPPI,2016,2988726.0,8383,238.0,1277.0,905.0,2397.0,4471,82732.0,23354.0,55054.0,280.48740500132834,7.96325926163857,42.727235618119565,30.280460637743307,80.2013968493599,149.5955132722103,2768.1359883776563,781.4031798164167,1842.0557789506297
MISSOURI,2016,6093000.0,31644,537.0,2554.0,1884.0,6570.0,21983,170549.0,31710.0,120544.0,519.3500738552437,8.813392417528311,41.91695388150337,30.92072870507139,107.82865583456426,360.79107172164777,2799.0973247989496,520.4332840965043,1978.4014442803216
MONTANA,2016,1042520.0,3840,36.0,578.0,414.0,266.0,2960,27976.0,3934.0,21299.0,368.3382572996201,3.453171162183939,55.44258143728658,39.7114683651153,25.515098031692435,283.9274066684572,2683.4976787016076,377.3548708897671,2043.0303495376588
NEBRASKA,2016,1907116.0,5550,49.0,994.0,738.0,946.0,3561,43163.0,6444.0,31994.0,291.0153341485258,2.5693245717617597,52.120584170024266,38.697174162452626,49.60369479360459,186.72173061313524,2263.2603365500577,337.89239878434245,1677.6116397744029
NEVADA,2016,2940058.0,19936,224.0,1733.0,1292.0,6340.0,11639,76047.0,18850.0,44017.0,678.0818609700897,7.618897314270671,58.944415382281576,43.94471129481119,215.64200434141097,395.87654393212654,2586.581625260454,641.1438141696525,1497.1473351886254
NEW HAMPSHIRE,2016,1334795.0,2637,17.0,582.0,423.0,427.0,1611,20194.0,2963.0,16360.0,197.5584265748673,1.273603811821291,43.60220108705831,31.690259552965063,31.989931038099485,120.69269063788822,1512.8914927011263,221.98165261332264,1225.6563741997834
NEW JERSEY,2016,8944469.0,21914,372.0,1453.0,1089.0,8984.0,11105,138152.0,25284.0,101540.0,245.0005696257654,4.158994793318642,16.24467589970964,12.175121854634412,100.44196027735128,124.15493865538579,1544.5522814154758,282.6774848233025,1135.2266970795024
NEW MEXICO,2016,2081015.0,14619,139.0,1526.0,1117.0,2737.0,10217,81931.0,17281.0,52907.0,702.4937350283395,6.679432872900964,73.32960118019332,53.67573035273652,131.52235808007148,490.9623428951737,3937.0691705730133,830.412082565479,2542.365143932168
NEW YORK,2016,19745289.0,74285,630.0,6260.0,4569.0,22316.0,45079,305181.0,39821.0,250968.0,376.2163217768046,3.1906344850156407,31.703764882853832,23.139696765137245,113.0193637581096,228.30255865082552,1545.5889250342195,201.67342194890134,1271.0272308498497
NORTH CAROLINA,2016,10146788.0,37769,678.0,2849.0,2086.0,9336.0,24906,277765.0,72082.0,190377.0,372.22616654649727,6.6819174698436585,28.07785084304511,20.55822985559568,92.0094122396171,245.45698599399142,2737.4672655031327,710.3922936006942,1876.2292067203925
NORTH DAKOTA,2016,757952.0,1903,15.0,342.0,256.0,181.0,1365,17402.0,3243.0,12195.0,251.0713079456219,1.97901714092713,45.12159081313856,33.77522587182302,23.880140167187367,180.09055982436882,2295.923752427594,427.8635058684455,1608.9409355737566
OHIO,2016,11614373.0,34877,654.0,5589.0,4141.0,12523.0,16111,299357.0,66883.0,212807.0,300.2917161348271,5.630953991231381,48.121409567266355,35.654098589738766,107.82329790854831,138.71605466778104,2577.4701742401417,575.864060849432,1832.2728226482825
OKLAHOMA,2016,3923561.0,17648,245.0,2039.0,1509.0,3162.0,12202,117037.0,29103.0,75779.0,449.79547915783644,6.244327538172594,51.96809734830171,38.45996022490793,80.59005581919078,310.9929984521714,2982.928008510636,741.7496503813754,1931.3832510823713
OREGON,2016,4093465.0,10830,113.0,1721.0,1261.0,2278.0,6718,121345.0,16866.0,91286.0,264.56803710304104,2.7604975247131707,42.042621593197936,30.80519804126822,55.64967576368676,164.1152422214432,2964.359045454157,412.0225774496667,2230.042274698819
PENNSYLVANIA,2016,12784227.0,40447,661.0,4433.0,3233.0,12326.0,23027,222795.0,35520.0,174228.0,316.3820542297943,5.1704338478971,34.67554197840823,25.288975234873412,96.41568473400855,180.12039366948036,1742.7334480215345,277.84237560863085,1362.8356254938215
RHODE ISLAND,2016,1056426.0,2524,29.0,442.0,328.0,540.0,1513,20058.0,3788.0,14674.0,238.91876951154177,2.7451047210121673,41.83918229956476,31.048080982482446,51.115743080916225,143.21873941004858,1898.6658791055881,358.567471834279,1389.0229888321567
SOUTH CAROLINA,2016,4961119.0,24896,366.0,2387.0,1711.0,4035.0,18108,160928.0,32976.0,114032.0,501.8222703386071,7.377367888172003,48.11414521602889,34.48818704006092,81.33245745566676,364.9982997787394,3243.7843155949295,664.6887526785791,2298.5137022514477
SOUTH DAKOTA,2016,865454.0,3621,27.0,509.0,379.0,272.0,2813,17141.0,3000.0,12639.0,418.39312083600055,3.1197498653885707,58.81306227714009,43.792044406750676,31.428591236507085,325.03171745696477,1980.5789793564995,346.6388739320634,1460.389575875783
TENNESSEE,2016,6651194.0,42097,486.0,2714.0,1991.0,7813.0,31084,189835.0,40312.0,134404.0,632.9239532029889,7.3069587204943955,40.80470363667035,29.934474922848437,117.46763062391506,467.344660221909,2854.149194866365,606.0866665443829,2020.7499585788657
TEXAS,2016,27862596.0,121042,1478.0,13367.0,9858.0,33317.0,72880,768947.0,148740.0,551151.0,434.4247032832116,5.304602629274028,47.974711329841625,35.38076638659226,119.57607970197752,261.56930962211845,2759.782326097683,533.8339614872929,1978.1035478531862
UTAH,2016,3051217.0,7407,72.0,1520.0,1116.0,1541.0,4274,90058.0,12836.0,67834.0,242.7555955541674,2.359714173066026,49.81618809806054,36.5755696825234,50.5044380652048,140.07525521783603,2951.543597194169,420.6845989649376,2223.178489107789
VERMONT,2016,624594.0,989,14.0,178.0,124.0,106.0,691,10602.0,2103.0,8217.0,158.3428595215452,2.2414560498499827,28.49851263380692,19.852896441528415,16.971024377435583,110.6318664604527,1697.4226457506795,336.6987194881795,1315.574597258379
VIRGINIA,2016,8411808.0,18302,484.0,2737.0,1965.0,4803.0,10278,156412.0,20018.0,126606.0,217.57510394911534,5.7538165397973895,32.5375947715402,23.36001962954932,57.09830752199765,122.18538511578011,1859.4337864107215,237.97499895385153,1505.0985471851
WASHINGTON,2016,7288000.0,22023,195.0,3077.0,2259.0,5651.0,13100,254653.0,49180.0,173187.0,302.18166849615807,2.6756311745334798,42.22008781558727,30.996158068057078,77.5384193194292,179.74753018660812,3494.141053787047,674.807903402854,2376.3309549945116
WEST VIRGINIA,2016,1831102.0,6557,81.0,657.0,468.0,720.0,5099,37487.0,9301.0,25677.0,358.09037399336574,4.423565699780787,35.88003289822194,25.558379598733442,39.32058399805145,278.4661913973116,2047.2371282429926,507.94548856371733,1402.2703268305097
WISCONSIN,2016,5778708.0,17679,229.0,1979.0,1458.0,4706.0,10765,111720.0,19425.0,82337.0,305.9334370243314,3.9628235238741945,34.24640940500887,25.230553265539633,81.43688866092559,186.28731543452272,1933.3041226516377,336.1478032805949,1424.8340632542777
WYOMING,2016,585501.0,1430,20.0,205.0,150.0,59.0,1146,11460.0,1771.0,8889.0,244.23527884666294,3.4158780258274537,35.0127497647314,25.619085193705903,10.076840176190988,195.7298108799131,1957.298108799131,302.47599918702105,1518.186988579012
ALABAMA,2017,4874747.0,25551,404.0,2028.0,4217.0,18902.0,144160,31477.0,99842.0,12841.0,524.1502789785808,8.287609592867076,41.60215904538225,86.50705359683282,387.7534567434987,2957.2816804646477,645.7155622640519,2048.147319235234,263.4187989653617
ALASKA,2017,739795.0,6133,62.0,863.0,951.0,4257.0,26204,4171.0,17775.0,4258.0,829.0134429132396,8.380700058800072,116.65393791523327,128.54912509546563,575.4296798437405,3542.062328077373,563.8048378266952,2402.692637825344,575.564852425334
ARIZONA,2017,7016270.0,35644,416.0,3581.0,7440.0,24207.0,204515,37627.0,147830.0,19058.0,508.0192181885817,5.929076275570923,51.03851476639297,106.03924877463382,345.01237837198397,2914.867871390354,536.2820986079498,2106.9599659078112,271.6258068745929
ARKANSAS,2017,3004279.0,16671,258.0,2053.0,1935.0,12425.0,92489,21862.0,63374.0,7253.0,554.9085154874098,8.587751004483938,68.3358636131997,64.40813253362954,413.5767683360966,3078.575591681066,727.6953971318909,2109.457876582035,241.42231796713955
CALIFORNIA,2017,39536653.0,177627,1830.0,14721.0,56622.0,104454.0,987114,176690.0,642033.0,168391.0,449.27171756294086,4.628616387937543,37.23380428788446,143.21394378021833,264.1953531069006,2496.706031236382,446.901764800374,1623.8931504900022,425.91111594600585
COLORADO,2017,5607154.0,20638,221.0,3858.0,3838.0,12721.0,151483,22813.0,106809.0,21861.0,368.06551059592795,3.9413934413073015,68.80495880797996,68.44827161872138,226.87088672791936,2701.6022745228684,406.8552424277985,1904.8700998759798,389.8769322190901
CONNECTICUT,2017,3588184.0,8180,102.0,837.0,2813.0,4428.0,63509,8890.0,47310.0,7309.0,227.97047197133705,2.8426635869286523,23.326562963326296,78.39620264735588,123.40504277372621,1769.9482523750173,247.75764007642863,1318.4942578195544,203.69635447903454
DELAWARE,2017,961939.0,4361,54.0,334.0,1082.0,2891.0,23477,3970.0,18138.0,1369.0,453.3551503785583,5.6136615731350945,34.72153639679855,112.48114485429949,300.53880755432516,2440.591347268382,412.7080823212283,1885.566548398599,142.31671654855452
FLORIDA,2017,20984400.0,85625,1057.0,7940.0,18597.0,58031.0,527220,88853.0,395453.0,42914.0,408.04121156668765,5.0370751605954895,37.8376317645489,88.62297706867959,276.54352757286364,2512.4378109452737,423.4240674024513,1884.5094451116067,204.50429843121557
GEORGIA,2017,10429379.0,37258,703.0,2718.0,10044.0,23793.0,298298,55374.0,216661.0,26263.0,357.24082900813175,6.740573911447651,26.060995577972573,96.30487107621653,228.13438844249498,2860.1702939360052,530.9424463335736,2077.4103616332286,251.81748596920295
HAWAII,2017,1427538.0,3577,39.0,567.0,1077.0,1894.0,40392,5549.0,29574.0,5269.0,250.5712632518364,2.731976311663858,39.718732531113005,75.4445766067173,132.67597780234223,2829.48685078786,388.71119367750634,2071.6786523371006,369.097004773253
IDAHO,2017,1716943.0,3888,32.0,707.0,196.0,2953.0,28079,5655.0,20278.0,2146.0,226.44898520218786,1.8637776559850852,41.177837586920475,11.415638142908646,171.99173181637363,1635.4066500751628,329.36445764361423,1181.0526033770486,124.98958905449977
ILLINOIS,2017,12802023.0,56180,997.0,5556.0,17567.0,32060.0,257497,43459.0,193157.0,20881.0,438.83689320039497,7.787831657543499,43.39939086189737,137.2205002287529,250.4291704522012,2011.377420584231,339.46978536126676,1508.8006012799697,163.1070339429948
INDIANA,2017,6666818.0,26598,397.0,2625.0,6600.0,16976.0,161132,30140.0,115591.0,15401.0,398.9609435865806,5.9548648245684825,39.37410620778908,98.99775275101256,254.63421980321047,2416.9251357994176,452.0897375629573,1733.8256421579229,231.009756078537
IOWA,2017,3145711.0,9230,104.0,1234.0,1253.0,6639.0,66855,15078.0,46198.0,5579.0,293.41538367637713,3.306088830156362,39.22801554243222,39.832012540249245,211.0492667635393,2125.274699424073,479.31930174132333,1468.6028055342656,177.3525921484841
KANSAS,2017,2913123.0,12030,160.0,1627.0,1785.0,8458.0,81593,13931.0,59816.0,7846.0,412.95887609277054,5.49238737945497,55.85071416483272,61.2744467020445,290.34132784643833,2800.8772715741834,478.21530364491986,2053.3290218092407,269.33294612002305
KENTUCKY,2017,4454189.0,10056,263.0,1661.0,2958.0,5174.0,94833,20195.0,64394.0,10244.0,225.76500458332595,5.904554117483564,37.290739122206084,66.40939573960603,116.16031560403029,2129.0744510392356,453.3934235839566,1445.695276962877,229.98575049240165
LOUISIANA,2017,4684333.0,26092,582.0,1867.0,5358.0,18285.0,157712,34265.0,112485.0,10962.0,557.0056612115321,12.424394252073881,39.85626128629198,114.38127904228841,390.3437266308778,3366.797364747553,731.4808746517381,2401.30238392531,234.01410617050496
MAINE,2017,1335907.0,1617,23.0,473.0,249.0,872.0,20133,3334.0,16006.0,793.0,121.04135991502403,1.7216767334851901,35.4066563016737,18.639022027730974,65.27400485213417,1507.0659858807537,249.56827084520106,1198.1372954853894,59.3604195501633
MARYLAND,2017,6052177.0,30273,546.0,1691.0,11200.0,16836.0,134496,23508.0,97420.0,13568.0,500.2001759036459,9.021547122630418,27.940359312029372,185.05737687447012,278.18089259451597,2222.274728581137,388.42221567545033,1609.6687192063287,224.1837936993581
MASSACHUSETTS,2017,6859819.0,24560,173.0,2197.0,4871.0,17319.0,98575,17089.0,73946.0,7540.0,358.0269391947514,2.521932429995602,32.02708409653374,71.00770443068541,252.47021823753659,1436.9912675538524,249.11736009361178,1077.9584709159237,109.91543654431699
MICHIGAN,2017,9962311.0,44826,569.0,7031.0,6488.0,30738.0,179318,35641.0,124104.0,19573.0,449.95583855994863,5.711526170985828,70.57599386327128,65.12545131345529,308.5428672122362,1799.9638838819626,357.7583554659155,1245.7350508330849,196.47047758296245
MINNESOTA,2017,5576606.0,13291,113.0,2385.0,3621.0,7172.0,122212,18787.0,93446.0,9979.0,238.33492988387562,2.026322103444281,42.767948820483284,64.93196758028091,128.60869137966714,2191.512185010022,336.88949873812135,1675.678719278357,178.9439669935441
MISSISSIPPI,2017,2984100.0,8526,245.0,1091.0,2071.0,5119.0,81581,24710.0,52240.0,4631.0,285.7142857142857,8.210180623973727,36.560436982674844,69.40115947856975,171.54250862906738,2733.8561040179616,828.0553600750645,1750.6115746791327,155.18916926376463
MISSOURI,2017,6113532.0,32420,600.0,2729.0,6351.0,22740.0,173253,30081.0,123251.0,19921.0,530.2990153646042,9.814293930251775,44.63868022609516,103.88430125171506,371.9617399565423,2833.9264438298515,492.03962619317275,2016.0359019957693,325.85091564090936
MONTANA,2017,1050493.0,3961,41.0,613.0,295.0,3012.0,27225,3615.0,21018.0,2592.0,377.0610560946146,3.9029293864880588,58.35355399797999,28.08205290277993,286.72251980736667,2591.640306027741,344.1241398086422,2000.7748742733172,246.74129194578163
NEBRASKA,2017,1920076.0,5873,43.0,1191.0,968.0,3671.0,43663,6472.0,31988.0,5203.0,305.87330918151156,2.2394946866686527,62.028794693543375,50.414671085936185,191.19034871536337,2274.0245698607764,337.06999097952377,1665.9757217943456,270.978857086907
NEVADA,2017,2998039.0,16667,274.0,1890.0,4841.0,9662.0,78322,20049.0,45461.0,12812.0,555.9300596156354,9.139307393933167,63.04120793625434,161.47221567164402,322.2773286138039,2612.4409989329693,668.737131171409,1516.3578592539989,427.3460085075611
NEW HAMPSHIRE,2017,1342795.0,2668,14.0,663.0,419.0,1572.0,18555,2574.0,15066.0,915.0,198.69004576275606,1.0426014395347019,49.37462531510767,31.20357165464572,117.06924735346794,1381.8192650404567,191.68972181159447,1121.9880920021299,68.1414512267323
NEW JERSEY,2017,9005644.0,20604,324.0,1505.0,7895.0,10880.0,140086,23891.0,104025.0,12170.0,228.78985667210472,3.597743814878758,16.71174210306337,87.66724511872776,120.81312563543484,1555.5356174416843,265.2891897570013,1155.1089516751938,135.13747600948915
NEW MEXICO,2017,2088070.0,16359,148.0,1259.0,3722.0,11230.0,82306,17917.0,52617.0,11772.0,783.4507463830236,7.087884984698789,60.294913484701176,178.25072914222224,537.8172187714014,3941.7260915582333,858.0651031814067,2519.886785404704,563.7742029721226
NEW YORK,2017,19849399.0,70799,548.0,6324.0,20108.0,43819.0,300555,35002.0,252143.0,13410.0,356.68082444209017,2.76078887829299,31.85990669037385,101.30281526407929,220.75731360934404,1514.1768272177915,176.33783269710082,1270.280273977061,67.55872054362955
NORTH CAROLINA,2017,10273419.0,37364,591.0,2715.0,9350.0,24708.0,261486,64786.0,180902.0,15798.0,363.69586405460535,5.75270997902451,26.42742401531564,91.0115707341441,240.5041593261211,2545.2675491966206,630.6177135382096,1760.8743496201216,153.77548603828967
NORTH DAKOTA,2017,755393.0,2125,10.0,399.0,183.0,1533.0,16602,2942.0,11887.0,1773.0,281.3105231316679,1.3238142265019666,52.82018763742846,24.225800344985988,202.94072092275147,2197.796378838565,389.46614543687855,1573.6179710428876,234.71226235879865
OHIO,2017,11658609.0,34683,710.0,5859.0,11605.0,16509.0,282034,58573.0,203208.0,20253.0,297.48831957568865,6.089920332691491,50.25470877357668,99.54017670547145,141.60351376394902,2419.1050579018474,502.4012727418854,1742.9866633317922,173.71712182817006
OKLAHOMA,2017,3930864.0,17934,242.0,2142.0,3000.0,12550.0,113066,28608.0,72207.0,12251.0,456.23557569022995,6.156407344543083,54.49183690913753,76.31909931251755,319.2682321240318,2876.3650942897034,727.7789310441674,1836.9244013529851,311.6617618925508
OREGON,2017,4142776.0,11674,104.0,1999.0,2432.0,7139.0,123722,17705.0,88877.0,17140.0,281.7917261276014,2.5103939966824176,48.25266922469378,58.704598076265775,172.32406482995944,2986.4515967071356,427.37043953136737,2145.3489157994545,413.7322413763139
PENNSYLVANIA,2017,12805537.0,40120,739.0,4201.0,11793.0,23387.0,211220,32057.0,166178.0,12985.0,313.30197242021165,5.770941117112074,32.80612128956404,92.09297509350837,182.63193492002716,1649.4427371534673,250.33702218032715,1297.7042665215836,101.40144845155655
RHODE ISLAND,2017,1059639.0,2460,20.0,445.0,474.0,1521.0,18561,3217.0,13861.0,1483.0,232.1545356484614,1.887435249174483,41.995434294132245,44.73221540543525,143.53945069971942,1751.634282996379,303.5939598297156,1308.0869994403754,139.95332372628792
SOUTH CAROLINA,2017,5024369.0,25432,390.0,2504.0,3870.0,18668.0,160575,31306.0,115012.0,14257.0,506.1730139645396,7.762168741985311,49.83710392290056,77.02459751662347,371.5491437830303,3195.923707036645,623.0832170169031,2289.083465008243,283.75702501149897
SOUTH DAKOTA,2017,869666.0,3771,25.0,595.0,238.0,2913.0,16317,2707.0,12227.0,1383.0,433.61474405116445,2.8746668261148534,68.4170704615335,27.366828184613404,334.9561785789027,1876.2375440686426,311.2689239317163,1405.9420513162524,159.02656882067367
TENNESSEE,2017,6715984.0,43755,527.0,2934.0,7862.0,32432.0,197488,38716.0,140248.0,18524.0,651.5054234792698,7.846951392379731,43.6868223628883,117.06400729960048,482.9076424244012,2940.5668625773974,576.4754650993808,2088.271800528411,275.8195969496056
TEXAS,2017,28304596.0,124238,1412.0,14470.0,32267.0,76089.0,725328,134066.0,523221.0,68041.0,438.9322497307504,4.988589132309113,51.12243962075982,113.99915405964458,268.8220669180369,2562.580296146958,473.6545259292873,1848.5372481557413,240.38852206192948
UTAH,2017,3101833.0,7410,73.0,1697.0,1468.0,4172.0,86238,11817.0,64892.0,9529.0,238.89100412562507,2.3534471391593295,54.709586234977834,47.326854798436926,134.50111595305097,2780.2270463948253,380.9682855266547,2092.0533117031123,307.2054491650582
VERMONT,2017,623657.0,1034,14.0,218.0,92.0,710.0,8960,1854.0,6912.0,194.0,165.7962630099558,2.24482367711739,34.95511154368507,14.751698449628561,113.84462933952477,1436.6871533551296,297.2787926696886,1108.3015183025284,31.106842382912404
VIRGINIA,2017,8470020.0,17632,453.0,2862.0,4332.0,9985.0,151855,18468.0,123215.0,10172.0,208.16952026087307,5.348275446811224,33.789766730184816,51.145097650300706,117.88638043357632,1792.8529094382302,218.03962682496618,1454.7191151850882,120.09416742817609
WASHINGTON,2017,7405743.0,22548,230.0,3255.0,5390.0,13673.0,235027,43720.0,162511.0,28796.0,304.4664120804624,3.105697834774985,43.952375879098156,72.78135360624856,184.62698476034072,3173.5775870159146,590.3526492885319,2194.391568813555,388.8333689138281
WEST VIRGINIA,2017,1815857.0,6368,85.0,795.0,524.0,4964.0,33630,7628.0,23000.0,3002.0,350.6884077325472,4.68098534190743,43.78098055078126,28.856897872464625,273.3695439673939,1852.018082921728,420.07713162435147,1266.6195631043634,165.321388193013
WISCONSIN,2017,5795483.0,18539,186.0,2139.0,4345.0,11869.0,104802,17599.0,77735.0,9468.0,319.8870568682541,3.20939600720078,36.908054082808974,74.97218092089994,204.7974258573444,1808.3393567024525,303.6675286598201,1341.303218385767,163.36860965686552
WYOMING,2017,579315.0,1376,15.0,263.0,76.0,1022.0,10604,1593.0,8232.0,779.0,237.5219008656776,2.589264907692706,45.39844471487878,13.118942198976377,176.41524904412972,1830.4376720782302,274.97993319696536,1420.988581341757,134.46915753950788
ALABAMA,2018,4887871.0,25399,383.0,1996.0,4076.0,18944.0,137700,28841.0,95747.0,13112.0,519.6331899921254,7.835722342099453,40.835774921228484,83.39008946840046,387.571603260397,2817.177458243067,590.0523970456667,1958.8692091096514,268.2558520877495
ALASKA,2018,737438.0,6526,47.0,1192.0,896.0,4391.0,24339,3979.0,16364.0,3996.0,884.9557522123894,6.373417155069308,161.64070742218328,121.50173980727871,595.439887827858,3300.4808539836567,539.5707842557612,2219.034006926684,541.8760628012118
ARIZONA,2018,7171646.0,34058,369.0,3638.0,6523.0,23528.0,191974,31532.0,141303.0,19139.0,474.8979522971435,5.145262328899112,50.72754567082647,90.95540967861493,328.069734618803,2676.847128260374,439.675912614761,1970.3008207599762,266.8703948856371
ARKANSAS,2018,3013825.0,16384,216.0,2196.0,1594.0,12378.0,87793,19193.0,61487.0,7113.0,543.6281137756838,7.1669722030973935,72.86421739815682,52.88960042470946,410.70732374972,2913.009215863562,636.8319328428161,2040.1649067215249,236.0123762992211
CALIFORNIA,2018,39557045.0,176982,1739.0,15505.0,54326.0,105412.0,941618,164632.0,621775.0,155211.0,447.4095575137122,4.396182778567003,39.1965577813004,137.3358399243422,266.4809770295026,2380.40531086182,416.18882300232485,1571.8439029002295,392.3725849592658
COLORADO,2018,5695564.0,22624,210.0,4070.0,3797.0,14547.0,152163,21371.0,109119.0,21673.0,397.2214165269673,3.6870799801389293,71.45912151983543,66.66591754565482,255.40929748133811,2671.605481037523,375.22183931213834,1915.8594302513325,380.52421147405244
CONNECTICUT,2018,3572665.0,7411,83.0,840.0,2194.0,4294.0,60055,7948.0,44724.0,7383.0,207.43618559254787,2.323195709645321,23.511860194000835,61.4107396019498,120.1903900869519,1680.9580523222862,222.46698193085552,1251.838613472016,206.6524569194145
DELAWARE,2018,967171.0,4097,48.0,338.0,866.0,2845.0,22481,3158.0,17847.0,1476.0,423.60658042890043,4.962927962066687,34.94728439955292,89.53949198228648,294.1568760849943,2324.407989900442,326.5193021709708,1845.2786528959202,152.61003483355063
FLORIDA,2018,21299325.0,81980,1107.0,8438.0,16884.0,55551.0,486017,71933.0,372919.0,41165.0,384.8948264792429,5.197347803275456,39.616278919637125,79.27011771499801,260.8110820413323,2281.842264954406,337.7243175546643,1750.8489118786629,193.2690355210787
GEORGIA,2018,10519475.0,34355,642.0,2651.0,8279.0,22783.0,270738,45369.0,200609.0,24760.0,326.5847392574249,6.102966165136568,25.20087742021346,78.70164623234525,216.57924943972964,2573.683572611751,431.2857818474782,1907.0248277599403,235.37296300433246
HAWAII,2018,1420491.0,3532,36.0,625.0,946.0,1925.0,40772,5631.0,29492.0,5649.0,248.6464187383095,2.5343349588276163,43.998870812979455,66.5966908625257,135.5165221039767,2870.2751372588773,396.4122264766197,2076.183516826224,397.6793939560335
IDAHO,2018,1754208.0,3983,35.0,791.0,200.0,2957.0,25636,4940.0,18732.0,1964.0,227.05403236104272,1.9952023933307794,45.09157408927561,11.40115653331874,168.56609934511758,1461.400244440796,281.60856637297286,1067.8323209106331,111.95935715719001
ILLINOIS,2018,12741080.0,51490,884.0,5859.0,14208.0,30539.0,246264,39080.0,187591.0,19593.0,404.12586688098656,6.938187343616083,45.98511272199845,111.51330970372997,239.689257111642,1932.834579172252,306.72439071099154,1472.3320158102767,153.77817265098406
INDIANA,2018,6691878.0,25581,438.0,2370.0,5939.0,16834.0,145838,25268.0,105242.0,15328.0,382.26937191622443,6.545247836257625,35.41606705920221,88.74937648295442,251.55868053781018,2179.328433662419,377.592060106296,1572.6825862635271,229.0537872925956
IOWA,2018,3156145.0,7893,54.0,976.0,932.0,5931.0,53385,11127.0,37571.0,4687.0,250.08356713649087,1.7109480077753083,30.923801029420385,29.52969524530717,187.919122853988,1691.4622110200894,352.55034226881213,1190.4079185208539,148.50395023042353
KANSAS,2018,2911505.0,12782,113.0,1567.0,1543.0,9559.0,76686,12537.0,56305.0,7844.0,439.0169345407272,3.8811542484041754,53.82096201105614,52.996646064492424,328.3181722167745,2633.895528257722,430.6020425862225,1933.8795571362577,269.41392853524206
KENTUCKY,2018,4468402.0,9467,244.0,1707.0,2457.0,5059.0,87695,17190.0,60244.0,10261.0,211.8654498856638,5.460565096873558,38.20157631296379,54.986100176304646,113.21720829952184,1962.5584269275682,384.70128694777236,1348.2224741641419,229.634665815654
LOUISIANA,2018,4659978.0,25049,530.0,2085.0,4568.0,17866.0,152661,31132.0,109993.0,11536.0,537.5347265587949,11.37344425231192,44.74270050201954,98.026213857662,383.39236794680147,3276.00259057017,668.0718235150466,2360.3759502727266,247.55481678239684
MAINE,2018,1338404.0,1501,24.0,446.0,228.0,803.0,18173,2713.0,14683.0,777.0,112.14849925732439,1.7931805344275717,33.32327159811238,17.03521507706193,59.99683204772251,1357.8112438396777,202.7041162459168,1097.0529077916683,58.054219802092646
MARYLAND,2018,6042718.0,28320,490.0,1979.0,9716.0,16135.0,122864,18892.0,91835.0,12137.0,468.66327371226,8.108933761264385,32.75016308886167,160.78857229478524,267.01560456734865,2033.2572196816068,312.6407686077689,1519.7631264606423,200.85332461319558
MASSACHUSETTS,2018,6902149.0,23337,136.0,2410.0,4143.0,16648.0,87196,13862.0,66728.0,6606.0,338.1120865400037,1.9704008128482882,34.916661462973344,60.02478358551808,241.200240678664,1263.3166858611717,200.83600049781597,966.7713635275043,95.70932183585141
MICHIGAN,2018,9995915.0,44918,551.0,7690.0,5656.0,31021.0,165280,31651.0,116178.0,17451.0,449.36356501630917,5.512251754841853,76.93142648772023,56.58311420215158,310.3367725715955,1653.4754447191679,316.6393471733203,1162.2547810780704,174.5813164677771
MINNESOTA,2018,5611179.0,12369,106.0,2462.0,2944.0,6857.0,111874,16185.0,85561.0,10128.0,220.4349567176524,1.8890860548202082,43.87669685818257,52.466691937648044,122.20248186700157,1993.7699367637354,288.44205469117986,1524.8310560044513,180.4968260681044
MISSISSIPPI,2018,2986530.0,6999,171.0,537.0,1595.0,4696.0,71766,20839.0,46627.0,4300.0,234.35224156462516,5.725708430854537,17.9807334933853,53.406461679608114,157.23933796077722,2402.9894225070566,697.766304038466,1561.2433158213714,143.97980264721934
MISSOURI,2018,6126452.0,30758,607.0,2912.0,5197.0,22042.0,162173,27257.0,115101.0,19815.0,502.0524114120212,9.90785531332001,47.53158924610852,84.82886995605287,359.78409689653984,2647.094925415232,444.9067747531524,1878.7546201292364,323.4335305328435
MONTANA,2018,1062305.0,3974,34.0,551.0,269.0,3120.0,26518,3257.0,20465.0,2796.0,374.09218633066774,3.2005874019231766,51.86834289587265,25.322294444627488,293.70096158824447,2496.2699036529057,306.5974461195231,1926.4712111869944,263.20124634638825
NEBRASKA,2018,1929268.0,5494,44.0,1233.0,756.0,3461.0,40126,5246.0,30006.0,4874.0,284.77121892862993,2.2806577416927043,63.91024989788873,39.1858466527201,179.3944646363284,2079.8561941627604,271.916602566362,1555.3049135734382,252.63467802296003
NEVADA,2018,3034392.0,16420,202.0,2329.0,3862.0,10027.0,73985,17743.0,44338.0,11904.0,541.1298210646482,6.6570172871534075,76.7534319890113,127.27426120290326,330.4451105855802,2438.2149702477464,584.7299887423906,1461.1823389990482,392.30264250630773
NEW HAMPSHIRE,2018,1356458.0,2349,21.0,534.0,359.0,1435.0,16935,1847.0,14219.0,869.0,173.17159838343684,1.5481496662631649,39.367234370691904,26.465987151832195,105.7902271946496,1248.4721237222236,136.1634492184793,1048.244766885521,64.06390761822334
NEW JERSEY,2018,8908520.0,18537,286.0,1424.0,6364.0,10463.0,125156,19232.0,94887.0,11037.0,208.0817015621001,3.210409809934759,15.984697794919919,71.43723087561122,117.4493630816342,1404.902273329352,215.8832219044241,1065.126418305173,123.89263311975503
NEW MEXICO,2018,2095428.0,17949,167.0,1354.0,2830.0,13598.0,71657,16088.0,45390.0,10179.0,856.5791809596894,7.9697321979089715,64.6168706345434,135.0559408388167,648.9366372884203,3419.683234165049,767.7667760476618,2166.1445776232827,485.7718804941043
NEW YORK,2018,19542209.0,68495,562.0,6575.0,18187.0,43171.0,281507,31137.0,237233.0,13137.0,350.4977354402463,2.875826371522278,33.64512169530067,93.06522103002787,220.91156634339546,1440.5075700500388,159.3320386656391,1213.951810667873,67.22372071652697
NORTH CAROLINA,2018,10383620.0,39210,628.0,2633.0,8423.0,27526.0,258979,62290.0,179057.0,17632.0,377.61397277635353,6.047987118172661,25.35724535373983,81.11814569485401,265.090594609587,2494.1109170019704,599.8871299219347,1724.417881239876,169.8059058401598
NORTH DAKOTA,2018,760077.0,2133,18.0,397.0,158.0,1560.0,15507,2724.0,11008.0,1775.0,280.62946254129514,2.3681811184919423,52.23155022451673,20.787367595651492,205.24236360263498,2040.1880335808085,358.3847425984473,1448.2743195755168,233.52897140684433
OHIO,2018,11689442.0,32723,564.0,5300.0,9185.0,17674.0,254496,48186.0,186401.0,19909.0,279.93637335297956,4.82486674727502,45.34005985914469,78.57517920872527,151.19626753783456,2177.144127153375,412.218136674103,1594.6099052461186,170.31608523315313
OKLAHOMA,2018,3943079.0,18380,206.0,2299.0,2791.0,13084.0,113364,26858.0,73217.0,13289.0,466.13319185337144,5.22434371718142,58.3046903194179,70.78224910025897,331.8219087165132,2875.012141526964,681.142832796401,1856.8484171886994,337.0208915418636
OREGON,2018,4190713.0,11966,82.0,1975.0,2549.0,7360.0,121278,16304.0,88418.0,16556.0,285.53613669082085,1.9567076056031516,47.1280185495881,60.82497178881017,175.62643874681945,2893.970548687061,389.05074148480224,2109.855769173408,395.0640380288509
PENNSYLVANIA,2018,12807060.0,39192,784.0,4483.0,9848.0,24077.0,190816,27104.0,150596.0,13116.0,306.0187115544083,6.121623542015107,35.004130534252205,76.8950875532714,187.99786992486958,1489.9282114708606,211.63327102395087,1175.882677210851,102.41226323605885
RHODE ISLAND,2018,1057315.0,2317,16.0,481.0,454.0,1366.0,17561,2810.0,13220.0,1531.0,219.13999139329337,1.5132670963714694,45.492592084667294,42.93895385954044,129.19517835271418,1660.905217461211,265.7675338002393,1250.3369383769266,144.80074528404498
SOUTH CAROLINA,2018,5084127.0,24825,392.0,2434.0,3553.0,18446.0,153421,29473.0,109616.0,14332.0,488.2844193309884,7.710271596283886,47.874492513660655,69.88417087142001,362.81548434962383,3017.646884115995,579.7062111154972,2156.0437022914653,281.89697070903225
SOUTH DAKOTA,2018,882235.0,3570,12.0,614.0,262.0,2682.0,15251,2571.0,11156.0,1524.0,404.65408876319805,1.3601818109687327,69.59596932790016,29.697302872817335,304.00063475151177,1728.677733257012,291.41895300005103,1264.515690263932,172.74308999302906
TENNESSEE,2018,6770010.0,42226,498.0,2821.0,7190.0,31717.0,191279,33132.0,137708.0,20439.0,623.721382981709,7.355971409200282,41.66906695854216,106.20368359869482,468.4926610152717,2825.387259398435,489.3936641157103,2034.0885759400649,301.9050193426598
TEXAS,2018,28701845.0,117927,1322.0,14693.0,28256.0,73656.0,679430,117911.0,491702.0,69817.0,410.8690573724442,4.605975678567004,51.191831047795006,98.44663296035498,256.6246176857272,2367.199739250212,410.8133118271665,1713.1372565073777,243.24917091566763
UTAH,2018,3161105.0,7368,60.0,1753.0,1236.0,4319.0,75156,9968.0,57460.0,7728.0,233.08305165440566,1.8980704532117725,55.455291741337284,39.100251336162515,136.6294381236941,2377.5230496930662,315.3327712935825,1817.7188040258075,244.4714743736763
VERMONT,2018,626299.0,1077,10.0,287.0,70.0,710.0,8036,1467.0,6316.0,253.0,171.96259294681934,1.5966814572592323,45.82475782333997,11.176770200814627,113.3643834654055,1283.093219053519,234.2331697799294,1008.4640084049312,40.39604086865858
VIRGINIA,2018,8517685.0,17032,391.0,2924.0,3604.0,10113.0,141885,15574.0,115533.0,10778.0,199.9604352591109,4.590449165471604,34.328576367874604,42.3119662208687,118.729443504896,1665.7695136648044,182.8431081919559,1356.3896763028922,126.53672916995639
WASHINGTON,2018,7535591.0,23472,236.0,3413.0,5572.0,14251.0,222011,40201.0,154133.0,27677.0,311.4818731536783,3.1318047914224643,45.29173624205454,73.94244193985581,189.1158901803455,2946.1657353749692,533.4817136439597,2045.4002877810115,367.28373394999807
WEST VIRGINIA,2018,1805832.0,5236,67.0,652.0,572.0,3945.0,26827,5354.0,18954.0,2519.0,289.9494526622632,3.710201170430029,36.10524124060267,31.67515029083547,218.45885996039496,1485.575623867558,296.4838368131698,1049.5992982735936,139.49248878079467
WISCONSIN,2018,5813568.0,17176,176.0,2248.0,3489.0,11263.0,90686,14099.0,67953.0,8634.0,295.446789303918,3.0274007287779208,38.66816385393617,60.0147792199214,193.7364455012825,1559.9026277838325,242.51887997181765,1168.8691006968527,148.51464711516232
WYOMING,2018,577737.0,1226,13.0,243.0,100.0,870.0,10313,1525.0,7949.0,839.0,212.20728462951135,2.250158809285194,42.060660819715544,17.308913917578415,150.5875510829322,1785.0682923198617,263.9609372430708,1375.885567308308,145.2217877684829
ALABAMA,2019,4903185.0,25046,358.0,2068.0,3941.0,18679.0,131133,26079.0,92477.0,12577.0,510.81083010329,7.301376554219349,42.17666679923356,80.37632681614095,380.9564599336962,2674.445284034765,531.8787685963307,1886.0597754316839,256.5067400067507
ALASKA,2019,731545.0,6343,69.0,1088.0,826.0,4360.0,21294,3563.0,15114.0,2617.0,867.0690114757124,9.43209235248686,148.72632578993773,112.91171424861082,595.9988790846769,2910.8257181718145,487.0513775639229,2066.0383161664695,357.73602444142193
ARIZONA,2019,7278717.0,33141,365.0,3662.0,6410.0,22704.0,177638,28699.0,130788.0,18151.0,455.31375927927957,5.0146200216329335,50.31106443621864,88.06497079086878,311.9231040305592,2440.5125243913176,394.28652055025634,1796.8551325735014,249.37087126755995
ARKANSAS,2019,3017804.0,17643,242.0,2331.0,1557.0,13513.0,86250,18095.0,60735.0,7420.0,584.630413373433,8.019076122902613,77.24159686977683,51.59380794776599,447.7759324329877,2858.0384942163246,599.6081919170364,2012.5561501011991,245.87415219808844
CALIFORNIA,2019,39512223.0,174331,1690.0,14799.0,52301.0,105541.0,921114,152555.0,626802.0,141757.0,441.2077751231562,4.277157476054941,37.454232833217205,132.36663500304704,267.109749810837,2331.2127996443023,386.09571524234417,1586.3496214829524,358.7674629190061
COLORADO,2019,5758736.0,21938,218.0,3872.0,3663.0,14185.0,149189,20064.0,107012.0,22113.0,380.95165327946967,3.7855529407842274,67.23697700328684,63.60770835822305,246.32141497717552,2590.6553104709087,348.4097899261227,1858.255005959641,383.9905145851451
CONNECTICUT,2019,3565287.0,6546,104.0,771.0,1929.0,3742.0,50862,6441.0,38457.0,5964.0,183.60373232225064,2.9170162177687238,21.62518753749698,54.105041193037195,104.95648737394772,1426.589219886085,180.65866787161875,1078.650891218575,167.27966079589106
DELAWARE,2019,973764.0,4115,48.0,310.0,790.0,2967.0,21931,2968.0,17359.0,1604.0,422.5869923307906,4.929325791464872,31.8352290698773,81.12848698452603,304.6939504849224,2252.188415262836,304.7966447722446,1782.6701336258068,164.72163686478447
FLORIDA,2019,21477737.0,81270,1122.0,8456.0,16217.0,55475.0,460846,63396.0,358402.0,39048.0,378.39182033004687,5.224014056974438,39.37100077163623,75.50609265771342,258.29071284372276,2145.6916061501265,295.17076217107973,1668.7139804347173,181.80686354432964
GEORGIA,2019,10617423.0,36170,654.0,2922.0,7961.0,24633.0,252249,39506.0,188967.0,23776.0,340.66646869018973,6.159686771451039,27.5208023641895,74.98052964452862,232.00544991002053,2375.8024899262277,372.0865223133711,1779.7821561785756,223.93381143428118
HAWAII,2019,1415872.0,4042,48.0,765.0,1131.0,2098.0,40228,5340.0,29634.0,5254.0,285.4777833024454,3.390136961533246,54.03030782443611,79.88010215612711,148.17723636034896,2841.217285178321,377.15273697057364,2092.985806626588,371.0787415811599
IDAHO,2019,1787065.0,4000,35.0,809.0,155.0,3001.0,21793,3927.0,16295.0,1571.0,223.83069446270844,1.9585185765486988,45.269757955082774,8.67343941042995,167.92897852064698,1219.4855811064513,219.74578428876399,911.8302915674583,87.90950525022872
ILLINOIS,2019,12671821.0,51561,832.0,6078.0,12464.0,32187.0,233984,34433.0,180776.0,18775.0,406.89495219353245,6.565749311010628,47.96469268308004,98.35997525533227,254.00453494410945,1846.4907293119118,271.7289014735925,1426.5984344317994,148.16339340651987
INDIANA,2019,6732219.0,24966,377.0,2475.0,5331.0,16783.0,132694,21795.0,97176.0,13723.0,370.8435509896514,5.599936662785331,36.76350992146869,79.18637227933316,249.29373212606424,1971.0291658664103,323.74169645996363,1443.4468040923803,203.84066531406657
IOWA,2019,3155070.0,8410,60.0,1164.0,863.0,6323.0,54699,11710.0,37847.0,5142.0,266.55510020379893,1.9017010716085538,36.89300078920595,27.352800413303033,200.40759792968143,1733.685781931938,371.1486591422694,1199.5613409528157,162.97578183685306
KANSAS,2019,2913314.0,11968,105.0,1416.0,1293.0,9154.0,67428,9984.0,50165.0,7279.0,410.8036414886964,3.6041429107881955,48.60444153977223,44.382445558563205,314.21261147957273,2314.477601796442,342.702503060089,1721.922182092284,249.85291664406927
KENTUCKY,2019,4467673.0,9701,221.0,1572.0,2161.0,5747.0,84769,15443.0,59130.0,10196.0,217.1376463765365,4.94664672190646,35.18610247437536,48.36969939384552,128.63519778640915,1897.3859546121662,345.6609290787397,1323.5077858204932,228.21723971293332
LOUISIANA,2019,4648794.0,25537,544.0,2273.0,4025.0,18695.0,146993,26918.0,109359.0,10716.0,549.3252658646522,11.701959691051055,48.89440142970414,86.58159514058914,402.14730960330786,3161.959854534316,579.0318951538829,2352.416562230979,230.51139714945424
MAINE,2019,1344212.0,1548,20.0,516.0,188.0,824.0,16743,2350.0,13667.0,726.0,115.16040624544343,1.4878605458067626,38.38680208181448,13.985889130583569,61.29985448723862,1245.5624559221314,174.8236141322946,1016.7295039770513,54.00933781278548
MARYLAND,2019,6045680.0,27456,542.0,1913.0,9203.0,15798.0,117901,16862.0,89780.0,11259.0,454.1424620555504,8.965079197046485,31.642428974077358,152.2243982480052,261.3105556364214,1950.1693771420255,278.909899299996,1485.0273252967409,186.23215254528853
MASSACHUSETTS,2019,6892503.0,22578,152.0,2204.0,3613.0,16609.0,81317,12341.0,62844.0,6132.0,327.5733068233703,2.205294651304468,31.976772443914786,52.4192735208095,240.9719662073415,1179.789112895562,179.04961376150288,911.7732701748552,88.96622895920393
MICHIGAN,2019,9986857.0,43686,556.0,7235.0,5350.0,30545.0,158296,28572.0,111980.0,17744.0,437.43492071629737,5.567317124897253,72.44521474574033,53.57040758669118,305.85198125896864,1585.0432223070782,286.0960159938207,1121.2736900107811,177.67351630247634
MINNESOTA,2019,5639632.0,13332,117.0,2448.0,3149.0,7618.0,117236,15927.0,90092.0,11217.0,236.39840330007348,2.074603449303075,43.40708755464896,55.836976597054566,135.0797356990669,2078.788119508507,282.41204390641093,1597.4801192701934,198.89595633190248
MISSISSIPPI,2019,2976149.0,8272,332.0,747.0,1700.0,5493.0,70707,18660.0,46300.0,5747.0,277.9430734146711,11.155355461033706,25.099549787325834,57.120796035413555,184.567372130898,2375.7883089858738,626.984737659304,1555.701680258616,193.10189106795391
MISSOURI,2019,6137428.0,30380,568.0,2917.0,4959.0,21936.0,161946,26414.0,114460.0,21072.0,494.99562357391403,9.254691052994838,47.528052467580885,80.79931854190387,357.41356151143447,2638.6623191343347,430.37572090458735,1864.9505949397696,343.3360032899775
MONTANA,2019,1068778.0,4328,27.0,624.0,205.0,3472.0,23440,2887.0,18176.0,2377.0,404.9484551515843,2.5262496046887195,58.38443530836151,19.180784035599537,324.8569862029346,2193.158916070503,270.1215781013456,1700.6338079563764,222.40353001278095
NEBRASKA,2019,1934408.0,5821,45.0,1253.0,792.0,3731.0,39449,4745.0,29719.0,4985.0,300.91893747337684,2.3262931087960763,64.77433922936629,40.94275871481094,192.87554642040357,2039.3319299754755,245.29468447194182,1536.3356644513462,257.7015810521876
NEVADA,2019,3080156.0,15210,143.0,2161.0,3286.0,9620.0,71525,15510.0,44755.0,11260.0,493.8061578699261,4.642621997067681,70.15878416547734,106.68290826828253,312.32184343909853,2322.122645736125,503.5459242973408,1453.0108215298185,365.56589990896566
NEW HAMPSHIRE,2019,1359711.0,2074,33.0,590.0,313.0,1138.0,16442,1717.0,13832.0,893.0,152.5324131377918,2.4269863228288955,43.391573650577214,23.019597546831644,83.69425561755402,1209.2275490894756,126.27683382718828,1017.2749944657357,65.67572079655162
NEW JERSEY,2019,8882190.0,18375,262.0,1531.0,5730.0,10852.0,118637,16399.0,91902.0,10336.0,206.8746559125621,2.949722984984559,17.2367400382113,64.51111719069283,122.17707569867342,1335.6728464489051,184.62789019374728,1034.6772586490495,116.3676976061084
NEW MEXICO,2019,2096829.0,17450,181.0,1288.0,2341.0,13640.0,65269,14610.0,41702.0,8957.0,832.2090165673977,8.632082062962693,61.42608672428701,111.64477408505893,650.5060736950891,3112.7478683287954,696.7664029827897,1988.8126308821559,427.1688344638499
NEW YORK,2019,19453561.0,69764,558.0,6583.0,18068.0,44555.0,267155,27600.0,226851.0,12704.0,358.6181470837139,2.868369446601576,33.8395628440469,92.87759706307754,229.03261772998783,1373.296128148466,141.8763382190027,1166.1155507724266,65.30423915703659
NORTH CAROLINA,2019,10488084.0,38995,632.0,3247.0,7599.0,27517.0,247236,54447.0,174728.0,18061.0,371.8028955527053,6.025886138974478,30.958943501978055,72.45365311719472,262.36441279455806,2357.3037744548956,519.1319977986446,1665.9668248271087,172.2049518291425
NORTH DAKOTA,2019,762062.0,2169,24.0,437.0,179.0,1529.0,15066,2608.0,10666.0,1792.0,284.62251102928633,3.1493500528828364,57.34441554624165,23.488902477751154,200.63984295241067,1977.0044956972006,342.2293724132682,1399.6236526686805,235.15147061525178
OHIO,2019,11689100.0,34269,538.0,5731.0,8846.0,19154.0,240291,43894.0,177725.0,18672.0,293.17056060774564,4.602578470540932,49.02858218340163,75.67734042826223,163.8620595255409,2055.6843555106893,375.51222934186546,1520.4335663139163,159.73855985490755
OKLAHOMA,2019,3956971.0,17086,266.0,2268.0,2369.0,12183.0,112587,26577.0,72632.0,13378.0,431.7949259673624,6.722313608060306,57.3165686581984,59.86902608080778,307.8870176202959,2845.2824142506984,671.6501081256345,1835.5454209798352,338.0868851452285
OREGON,2019,4217737.0,11995,116.0,1778.0,2276.0,7825.0,115170,14724.0,85261.0,15185.0,284.3942142433253,2.750290025195976,42.15530745515901,53.96258704608657,185.52602971688373,2730.6112258777634,349.0971580257375,2021.4868779158114,360.0271899362146
PENNSYLVANIA,2019,12801989.0,39228,669.0,4351.0,9743.0,24465.0,179665,23354.0,143921.0,12390.0,306.4211350283147,5.225750467368782,33.98690625339547,76.10536144031994,191.10311686723057,1403.414735007193,182.4247778997467,1124.2081210974325,96.78183601001376
RHODE ISLAND,2019,1059361.0,2342,25.0,491.0,418.0,1408.0,16259,2321.0,12580.0,1358.0,221.07666791584737,2.3599131929531105,46.34869510959909,39.45774858617601,132.91031102711918,1534.7931441689848,219.09434083376678,1187.508318694005,128.19048464121295
SOUTH CAROLINA,2019,5148714.0,26323,464.0,2460.0,3294.0,20105.0,151389,27461.0,108953.0,14975.0,511.2538781528747,9.01195910279732,47.778921105347855,63.97714069959994,390.4858572451296,2940.326458218499,533.3564847455112,2116.1206468255955,290.84932664739193
SOUTH DAKOTA,2019,884659.0,3530,17.0,642.0,195.0,2676.0,15667,2646.0,11265.0,1756.0,399.02380465241407,1.921644385011626,72.57033501043905,22.042391475133357,302.48943378183003,1770.9648576457143,299.09829663180955,1273.3719998327038,198.49456118120088
TENNESSEE,2019,6829174.0,40647,498.0,2813.0,6150.0,31186.0,181153,29869.0,132104.0,19180.0,595.1964322478824,7.292243542191193,41.19092587185507,90.05481482826474,456.6584480055714,2652.6341252983157,437.37353887893323,1934.4067086297698,280.8538777896126
TEXAS,2019,28995881.0,121474,1409.0,14824.0,28988.0,76253.0,693204,113902.0,501813.0,77489.0,418.9353653368904,4.859310879362486,51.1245028216249,99.9728202774732,262.97873135842985,2390.698182269406,392.8213114131624,1730.635465085541,267.24140577070244
UTAH,2019,3205958.0,7553,72.0,1822.0,1125.0,4534.0,69546,8871.0,53937.0,6738.0,235.5926060166727,2.245818566556393,56.83168650369094,35.09091510244364,141.42418584398175,2169.2735837462624,276.70356255446893,1682.3988336715577,210.17118752023578
VERMONT,2019,623989.0,1262,11.0,278.0,71.0,902.0,8888,1275.0,7315.0,298.0,202.24715499792464,1.7628515887299294,44.55206742426549,11.378405709074999,144.55383027585424,1424.384083693783,204.33052505733272,1172.2963065054032,47.75725213104718
VIRGINIA,2019,8535519.0,17753,426.0,2816.0,3524.0,10987.0,140213,13900.0,116044.0,10269.0,207.9896957642529,4.99090916439879,32.991549781565716,41.28630022380596,128.72093659448242,1642.7003442907221,162.8489140496319,1359.5424015809701,120.30902866012013
WASHINGTON,2019,7614893.0,22377,198.0,3332.0,5147.0,13700.0,204224,34540.0,145282.0,24402.0,293.858364129345,2.6001678552804353,43.75636006966874,67.59123207640607,179.91060412798973,2681.9024246302606,453.5848369766981,1907.8665977315768,320.45098992198575
WEST VIRGINIA,2019,1792147.0,5674,78.0,754.0,378.0,4464.0,28376,5891.0,20066.0,2419.0,316.6034929054369,4.352321545051829,42.07244160216768,21.092019795251172,249.0867099629662,1583.3522584921884,328.71187463974775,1119.6626169616666,134.97776689077403
WISCONSIN,2019,5822434.0,17070,175.0,2261.0,2991.0,11643.0,85672,12667.0,65620.0,7385.0,293.17635889045715,3.00561586443058,38.83255696844309,51.370268860067796,199.96791719751567,1471.412127642838,217.55506374138375,1127.0200744224837,126.8369894789705
WYOMING,2019,578759.0,1258,13.0,324.0,67.0,854.0,9093,1396.0,6984.0,713.0,217.36163066146705,2.2461853724952876,55.98185082219024,11.576493842860327,147.55710062392117,1571.1202763153576,241.20575230795546,1206.7198955005451,123.1946285068569
