"GEO_ID","NAME","S2301_C01_001E","S2301_C01_001M","S2301_C02_001E","S2301_C02_001M","S2301_C03_001E","S2301_C03_001M","S2301_C04_001E","S2301_C04_001M","S2301_C01_002E","S2301_C01_002M","S2301_C02_002E","S2301_C02_002M","S2301_C03_002E","S2301_C03_002M","S2301_C04_002E","S2301_C04_002M","S2301_C01_003E","S2301_C01_003M","S2301_C02_003E","S2301_C02_003M","S2301_C03_003E","S2301_C03_003M","S2301_C04_003E","S2301_C04_003M","S2301_C01_004E","S2301_C01_004M","S2301_C02_004E","S2301_C02_004M","S2301_C03_004E","S2301_C03_004M","S2301_C04_004E","S2301_C04_004M","S2301_C01_005E","S2301_C01_005M","S2301_C02_005E","S2301_C02_005M","S2301_C03_005E","S2301_C03_005M","S2301_C04_005E","S2301_C04_005M","S2301_C01_006E","S2301_C01_006M","S2301_C02_006E","S2301_C02_006M","S2301_C03_006E","S2301_C03_006M","S2301_C04_006E","S2301_C04_006M","S2301_C01_007E","S2301_C01_007M","S2301_C02_007E","S2301_C02_007M","S2301_C03_007E","S2301_C03_007M","S2301_C04_007E","S2301_C04_007M","S2301_C01_008E","S2301_C01_008M","S2301_C02_008E","S2301_C02_008M","S2301_C03_008E","S2301_C03_008M","S2301_C04_008E","S2301_C04_008M","S2301_C01_009E","S2301_C01_009M","S2301_C02_009E","S2301_C02_009M","S2301_C03_009E","S2301_C03_009M","S2301_C04_009E","S2301_C04_009M","S2301_C01_010E","S2301_C01_010M","S2301_C02_010E","S2301_C02_010M","S2301_C03_010E","S2301_C03_010M","S2301_C04_010E","S2301_C04_010M","S2301_C01_011E","S2301_C01_011M","S2301_C02_011E","S2301_C02_011M","S2301_C03_011E","S2301_C03_011M","S2301_C04_011E","S2301_C04_011M","S2301_C01_012E","S2301_C01_012M","S2301_C02_012E","S2301_C02_012M","S2301_C03_012E","S2301_C03_012M","S2301_C04_012E","S2301_C04_012M","S2301_C01_013E","S2301_C01_013M","S2301_C02_013E","S2301_C02_013M","S2301_C03_013E","S2301_C03_013M","S2301_C04_013E","S2301_C04_013M","S2301_C01_014E","S2301_C01_014M","S2301_C02_014E","S2301_C02_014M","S2301_C03_014E","S2301_C03_014M","S2301_C04_014E","S2301_C04_014M","S2301_C01_015E","S2301_C01_015M","S2301_C02_015E","S2301_C02_015M","S2301_C03_015E","S2301_C03_015M","S2301_C04_015E","S2301_C04_015M","S2301_C01_016E","S2301_C01_016M","S2301_C02_016E","S2301_C02_016M","S2301_C03_016E","S2301_C03_016M","S2301_C04_016E","S2301_C04_016M","S2301_C01_017E","S2301_C01_017M","S2301_C02_017E","S2301_C02_017M","S2301_C03_017E","S2301_C03_017M","S2301_C04_017E","S2301_C04_017M","S2301_C01_018E","S2301_C01_018M","S2301_C02_018E","S2301_C02_018M","S2301_C03_018E","S2301_C03_018M","S2301_C04_018E","S2301_C04_018M","S2301_C01_019E","S2301_C01_019M","S2301_C02_019E","S2301_C02_019M","S2301_C03_019E","S2301_C03_019M","S2301_C04_019E","S2301_C04_019M","S2301_C01_020E","S2301_C01_020M","S2301_C02_020E","S2301_C02_020M","S2301_C03_020E","S2301_C03_020M","S2301_C04_020E","S2301_C04_020M","S2301_C01_021E","S2301_C01_021M","S2301_C02_021E","S2301_C02_021M","S2301_C03_021E","S2301_C03_021M","S2301_C04_021E","S2301_C04_021M","S2301_C01_022E","S2301_C01_022M","S2301_C02_022E","S2301_C02_022M","S2301_C03_022E","S2301_C03_022M","S2301_C04_022E","S2301_C04_022M","S2301_C01_023E","S2301_C01_023M","S2301_C02_023E","S2301_C02_023M","S2301_C03_023E","S2301_C03_023M","S2301_C04_023E","S2301_C04_023M","S2301_C01_024E","S2301_C01_024M","S2301_C02_024E","S2301_C02_024M","S2301_C03_024E","S2301_C03_024M","S2301_C04_024E","S2301_C04_024M","S2301_C01_025E","S2301_C01_025M","S2301_C02_025E","S2301_C02_025M","S2301_C03_025E","S2301_C03_025M","S2301_C04_025E","S2301_C04_025M","S2301_C01_026E","S2301_C01_026M","S2301_C02_026E","S2301_C02_026M","S2301_C03_026E","S2301_C03_026M","S2301_C04_026E","S2301_C04_026M","S2301_C01_027E","S2301_C01_027M","S2301_C02_027E","S2301_C02_027M","S2301_C03_027E","S2301_C03_027M","S2301_C04_027E","S2301_C04_027M","S2301_C01_028E","S2301_C01_028M","S2301_C02_028E","S2301_C02_028M","S2301_C03_028E","S2301_C03_028M","S2301_C04_028E","S2301_C04_028M","S2301_C01_029E","S2301_C01_029M","S2301_C02_029E","S2301_C02_029M","S2301_C03_029E","S2301_C03_029M","S2301_C04_029E","S2301_C04_029M","S2301_C01_030E","S2301_C01_030M","S2301_C02_030E","S2301_C02_030M","S2301_C03_030E","S2301_C03_030M","S2301_C04_030E","S2301_C04_030M",
"Geography","Geographic Area Name","Total!!Estimate!!Population 16 years and over","Total!!Margin of Error!!Population 16 years and over","In labor force!!Estimate!!Population 16 years and over","In labor force!!Margin of Error!!Population 16 years and over","Employed!!Estimate!!Population 16 years and over","Employed!!Margin of Error!!Population 16 years and over","Unemployment rate!!Estimate!!Population 16 years and over","Unemployment rate!!Margin of Error!!Population 16 years and over","Total!!Estimate!!AGE!!16 to 19 years","Total!!Margin of Error!!AGE!!16 to 19 years","In labor force!!Estimate!!AGE!!16 to 19 years","In labor force!!Margin of Error!!AGE!!16 to 19 years","Employed!!Estimate!!AGE!!16 to 19 years","Employed!!Margin of Error!!AGE!!16 to 19 years","Unemployment rate!!Estimate!!AGE!!16 to 19 years","Unemployment rate!!Margin of Error!!AGE!!16 to 19 years","Total!!Estimate!!AGE!!20 to 24 years","Total!!Margin of Error!!AGE!!20 to 24 years","In labor force!!Estimate!!AGE!!20 to 24 years","In labor force!!Margin of Error!!AGE!!20 to 24 years","Employed!!Estimate!!AGE!!20 to 24 years","Employed!!Margin of Error!!AGE!!20 to 24 years","Unemployment rate!!Estimate!!AGE!!20 to 24 years","Unemployment rate!!Margin of Error!!AGE!!20 to 24 years","Total!!Estimate!!AGE!!25 to 44 years","Total!!Margin of Error!!AGE!!25 to 44 years","In labor force!!Estimate!!AGE!!25 to 44 years","In labor force!!Margin of Error!!AGE!!25 to 44 years","Employed!!Estimate!!AGE!!25 to 44 years","Employed!!Margin of Error!!AGE!!25 to 44 years","Unemployment rate!!Estimate!!AGE!!25 to 44 years","Unemployment rate!!Margin of Error!!AGE!!25 to 44 years","Total!!Estimate!!AGE!!45 to 54 years","Total!!Margin of Error!!AGE!!45 to 54 years","In labor force!!Estimate!!AGE!!45 to 54 years","In labor force!!Margin of Error!!AGE!!45 to 54 years","Employed!!Estimate!!AGE!!45 to 54 years","Employed!!Margin of Error!!AGE!!45 to 54 years","Unemployment rate!!Estimate!!AGE!!45 to 54 years","Unemployment rate!!Margin of Error!!AGE!!45 to 54 years","Total!!Estimate!!AGE!!55 to 64 years","Total!!Margin of Error!!AGE!!55 to 64 years","In labor force!!Estimate!!AGE!!55 to 64 years","In labor force!!Margin of Error!!AGE!!55 to 64 years","Employed!!Estimate!!AGE!!55 to 64 years","Employed!!Margin of Error!!AGE!!55 to 64 years","Unemployment rate!!Estimate!!AGE!!55 to 64 years","Unemployment rate!!Margin of Error!!AGE!!55 to 64 years","Total!!Estimate!!AGE!!65 to 74 years","Total!!Margin of Error!!AGE!!65 to 74 years","In labor force!!Estimate!!AGE!!65 to 74 years","In labor force!!Margin of Error!!AGE!!65 to 74 years","Employed!!Estimate!!AGE!!65 to 74 years","Employed!!Margin of Error!!AGE!!65 to 74 years","Unemployment rate!!Estimate!!AGE!!65 to 74 years","Unemployment rate!!Margin of Error!!AGE!!65 to 74 years","Total!!Estimate!!AGE!!75 years and over","Total!!Margin of Error!!AGE!!75 years and over","In labor force!!Estimate!!AGE!!75 years and over","In labor force!!Margin of Error!!AGE!!75 years and over","Employed!!Estimate!!AGE!!75 years and over","Employed!!Margin of Error!!AGE!!75 years and over","Unemployment rate!!Estimate!!AGE!!75 years and over","Unemployment rate!!Margin of Error!!AGE!!75 years and over","Total!!Estimate!!RACE AND HISPANIC OR LATINO ORIGIN!!One race","Total!!Margin of Error!!RACE AND HISPANIC OR LATINO ORIGIN!!One race","In labor force!!Estimate!!RACE AND HISPANIC OR LATINO ORIGIN!!One race","In labor force!!Margin of Error!!RACE AND HISPANIC OR LATINO ORIGIN!!One race","Employed!!Estimate!!RACE AND HISPANIC OR LATINO ORIGIN!!One race","Employed!!Margin of Error!!RACE AND HISPANIC OR LATINO ORIGIN!!One race","Unemployment rate!!Estimate!!RACE AND HISPANIC OR LATINO ORIGIN!!One race","Unemployment rate!!Margin of Error!!RACE AND HISPANIC OR LATINO ORIGIN!!One race","Total!!Estimate!!RACE AND HISPANIC OR LATINO ORIGIN!!One race!!White","Total!!Margin of Error!!RACE AND HISPANIC OR LATINO ORIGIN!!One race!!White","In labor force!!Estimate!!RACE AND HISPANIC OR LATINO ORIGIN!!One race!!White","In labor force!!Margin of Error!!RACE AND HISPANIC OR LATINO ORIGIN!!One race!!White","Employed!!Estimate!!RACE AND HISPANIC OR LATINO ORIGIN!!One race!!White","Employed!!Margin of Error!!RACE AND HISPANIC OR LATINO ORIGIN!!One race!!White","Unemployment rate!!Estimate!!RACE AND HISPANIC OR LATINO ORIGIN!!One race!!White","Unemployment rate!!Margin of Error!!RACE AND HISPANIC OR LATINO ORIGIN!!One race!!White","Total!!Estimate!!RACE AND HISPANIC OR LATINO ORIGIN!!One race!!Black or African American","Total!!Margin of Error!!RACE AND HISPANIC OR LATINO ORIGIN!!One race!!Black or African American","In labor force!!Estimate!!RACE AND HISPANIC OR LATINO ORIGIN!!One race!!Black or African American","In labor force!!Margin of Error!!RACE AND HISPANIC OR LATINO ORIGIN!!One race!!Black or African American","Employed!!Estimate!!RACE AND HISPANIC OR LATINO ORIGIN!!One race!!Black or African American","Employed!!Margin of Error!!RACE AND HISPANIC OR LATINO ORIGIN!!One race!!Black or African American","Unemployment rate!!Estimate!!RACE AND HISPANIC OR LATINO ORIGIN!!One race!!Black or African American","Unemployment rate!!Margin of Error!!RACE AND HISPANIC OR LATINO ORIGIN!!One race!!Black or African American","Total!!Estimate!!RACE AND HISPANIC OR LATINO ORIGIN!!One race!!American Indian and Alaska Native","Total!!Margin of Error!!RACE AND HISPANIC OR LATINO ORIGIN!!One race!!American Indian and Alaska Native","In labor force!!Estimate!!RACE AND HISPANIC OR LATINO ORIGIN!!One race!!American Indian and Alaska Native","In labor force!!Margin of Error!!RACE AND HISPANIC OR LATINO ORIGIN!!One race!!American Indian and Alaska Native","Employed!!Estimate!!RACE AND HISPANIC OR LATINO ORIGIN!!One race!!American Indian and Alaska Native","Employed!!Margin of Error!!RACE AND HISPANIC OR LATINO ORIGIN!!One race!!American Indian and Alaska Native","Unemployment rate!!Estimate!!RACE AND HISPANIC OR LATINO ORIGIN!!One race!!American Indian and Alaska Native","Unemployment rate!!Margin of Error!!RACE AND HISPANIC OR LATINO ORIGIN!!One race!!American Indian and Alaska Native","Total!!Estimate!!RACE AND HISPANIC OR LATINO ORIGIN!!One race!!Asian","Total!!Margin of Error!!RACE AND HISPANIC OR LATINO ORIGIN!!One race!!Asian","In labor force!!Estimate!!RACE AND HISPANIC OR LATINO ORIGIN!!One race!!Asian","In labor force!!Margin of Error!!RACE AND HISPANIC OR LATINO ORIGIN!!One race!!Asian","Employed!!Estimate!!RACE AND HISPANIC OR LATINO ORIGIN!!One race!!Asian","Employed!!Margin of Error!!RACE AND HISPANIC OR LATINO ORIGIN!!One race!!Asian","Unemployment rate!!Estimate!!RACE AND HISPANIC OR LATINO ORIGIN!!One race!!Asian","Unemployment rate!!Margin of Error!!RACE AND HISPANIC OR LATINO ORIGIN!!One race!!Asian","Total!!Estimate!!RACE AND HISPANIC OR LATINO ORIGIN!!One race!!Native Hawaiian and Other Pacific Islander","Total!!Margin of Error!!RACE AND HISPANIC OR LATINO ORIGIN!!One race!!Native Hawaiian and Other Pacific Islander","In labor force!!Estimate!!RACE AND HISPANIC OR LATINO ORIGIN!!One race!!Native Hawaiian and Other Pacific Islander","In labor force!!Margin of Error!!RACE AND HISPANIC OR LATINO ORIGIN!!One race!!Native Hawaiian and Other Pacific Islander","Employed!!Estimate!!RACE AND HISPANIC OR LATINO ORIGIN!!One race!!Native Hawaiian and Other Pacific Islander","Employed!!Margin of Error!!RACE AND HISPANIC OR LATINO ORIGIN!!One race!!Native Hawaiian and Other Pacific Islander","Unemployment rate!!Estimate!!RACE AND HISPANIC OR LATINO ORIGIN!!One race!!Native Hawaiian and Other Pacific Islander","Unemployment rate!!Margin of Error!!RACE AND HISPANIC OR LATINO ORIGIN!!One race!!Native Hawaiian and Other Pacific Islander","Total!!Estimate!!RACE AND HISPANIC OR LATINO ORIGIN!!One race!!Some other race","Total!!Margin of Error!!RACE AND HISPANIC OR LATINO ORIGIN!!One race!!Some other race","In labor force!!Estimate!!RACE AND HISPANIC OR LATINO ORIGIN!!One race!!Some other race","In labor force!!Margin of Error!!RACE AND HISPANIC OR LATINO ORIGIN!!One race!!Some other race","Employed!!Estimate!!RACE AND HISPANIC OR LATINO ORIGIN!!One race!!Some other race","Employed!!Margin of Error!!RACE AND HISPANIC OR LATINO ORIGIN!!One race!!Some other race","Unemployment rate!!Estimate!!RACE AND HISPANIC OR LATINO ORIGIN!!One race!!Some other race","Unemployment rate!!Margin of Error!!RACE AND HISPANIC OR LATINO ORIGIN!!One race!!Some other race","Total!!Estimate!!RACE AND HISPANIC OR LATINO ORIGIN!!Two or more races","Total!!Margin of Error!!RACE AND HISPANIC OR LATINO ORIGIN!!Two or more races","In labor force!!Estimate!!RACE AND HISPANIC OR LATINO ORIGIN!!Two or more races","In labor force!!Margin of Error!!RACE AND HISPANIC OR LATINO ORIGIN!!Two or more races","Employed!!Estimate!!RACE AND HISPANIC OR LATINO ORIGIN!!Two or more races","Employed!!Margin of Error!!RACE AND HISPANIC OR LATINO ORIGIN!!Two or more races","Unemployment rate!!Estimate!!RACE AND HISPANIC OR LATINO ORIGIN!!Two or more races","Unemployment rate!!Margin of Error!!RACE AND HISPANIC OR LATINO ORIGIN!!Two or more races","Total!!Estimate!!Hispanic or Latino origin (of any race)","Total!!Margin of Error!!Hispanic or Latino origin (of any race)","In labor force!!Estimate!!Hispanic or Latino origin (of any race)","In labor force!!Margin of Error!!Hispanic or Latino origin (of any race)","Employed!!Estimate!!Hispanic or Latino origin (of any race)","Employed!!Margin of Error!!Hispanic or Latino origin (of any race)","Unemployment rate!!Estimate!!Hispanic or Latino origin (of any race)","Unemployment rate!!Margin of Error!!Hispanic or Latino origin (of any race)","Total!!Estimate!!White alone, not Hispanic or Latino","Total!!Margin of Error!!White alone, not Hispanic or Latino","In labor force!!Estimate!!White alone, not Hispanic or Latino","In labor force!!Margin of Error!!White alone, not Hispanic or Latino","Employed!!Estimate!!White alone, not Hispanic or Latino","Employed!!Margin of Error!!White alone, not Hispanic or Latino","Unemployment rate!!Estimate!!White alone, not Hispanic or Latino","Unemployment rate!!Margin of Error!!White alone, not Hispanic or Latino","Total!!Estimate!!Population 20 to 64 years","Total!!Margin of Error!!Population 20 to 64 years","In labor force!!Estimate!!Population 20 to 64 years","In labor force!!Margin of Error!!Population 20 to 64 years","Employed!!Estimate!!Population 20 to 64 years","Employed!!Margin of Error!!Population 20 to 64 years","Unemployment rate!!Estimate!!Population 20 to 64 years","Unemployment rate!!Margin of Error!!Population 20 to 64 years","Total!!Estimate!!SEX!!Male","Total!!Margin of Error!!SEX!!Male","In labor force!!Estimate!!SEX!!Male","In labor force!!Margin of Error!!SEX!!Male","Employed!!Estimate!!SEX!!Male","Employed!!Margin of Error!!SEX!!Male","Unemployment rate!!Estimate!!SEX!!Male","Unemployment rate!!Margin of Error!!SEX!!Male","Total!!Estimate!!SEX!!Female","Total!!Margin of Error!!SEX!!Female","In labor force!!Estimate!!SEX!!Female","In labor force!!Margin of Error!!SEX!!Female","Employed!!Estimate!!SEX!!Female","Employed!!Margin of Error!!SEX!!Female","Unemployment rate!!Estimate!!SEX!!Female","Unemployment rate!!Margin of Error!!SEX!!Female","Total!!Estimate!!SEX!!Female!!With own children under 6 years","Total!!Margin of Error!!SEX!!Female!!With own children under 6 years","In labor force!!Estimate!!SEX!!Female!!With own children under 6 years","In labor force!!Margin of Error!!SEX!!Female!!With own children under 6 years","Employed!!Estimate!!SEX!!Female!!With own children under 6 years","Employed!!Margin of Error!!SEX!!Female!!With own children under 6 years","Unemployment rate!!Estimate!!SEX!!Female!!With own children under 6 years","Unemployment rate!!Margin of Error!!SEX!!Female!!With own children under 6 years","Total!!Estimate!!POVERTY STATUS IN THE PAST 12 MONTHS!!Below poverty level","Total!!Margin of Error!!POVERTY STATUS IN THE PAST 12 MONTHS!!Below poverty level","In labor force!!Estimate!!POVERTY STATUS IN THE PAST 12 MONTHS!!Below poverty level","In labor force!!Margin of Error!!POVERTY STATUS IN THE PAST 12 MONTHS!!Below poverty level","Employed!!Estimate!!POVERTY STATUS IN THE PAST 12 MONTHS!!Below poverty level","Employed!!Margin of Error!!POVERTY STATUS IN THE PAST 12 MONTHS!!Below poverty level","Unemployment rate!!Estimate!!POVERTY STATUS IN THE PAST 12 MONTHS!!Below poverty level","Unemployment rate!!Margin of Error!!POVERTY STATUS IN THE PAST 12 MONTHS!!Below poverty level","Total!!Estimate!!DISABILITY STATUS!!With any disability","Total!!Margin of Error!!DISABILITY STATUS!!With any disability","In labor force!!Estimate!!DISABILITY STATUS!!With any disability","In labor force!!Margin of Error!!DISABILITY STATUS!!With any disability","Employed!!Estimate!!DISABILITY STATUS!!With any disability","Employed!!Margin of Error!!DISABILITY STATUS!!With any disability","Unemployment rate!!Estimate!!DISABILITY STATUS!!With any disability","Unemployment rate!!Margin of Error!!DISABILITY STATUS!!With any disability","Total!!Estimate!!EDUCATIONAL ATTAINMENT!!Population 25 to 64 years","Total!!Margin of Error!!EDUCATIONAL ATTAINMENT!!Population 25 to 64 years","In labor force!!Estimate!!EDUCATIONAL ATTAINMENT!!Population 25 to 64 years","In labor force!!Margin of Error!!EDUCATIONAL ATTAINMENT!!Population 25 to 64 years","Employed!!Estimate!!EDUCATIONAL ATTAINMENT!!Population 25 to 64 years","Employed!!Margin of Error!!EDUCATIONAL ATTAINMENT!!Population 25 to 64 years","Unemployment rate!!Estimate!!EDUCATIONAL ATTAINMENT!!Population 25 to 64 years","Unemployment rate!!Margin of Error!!EDUCATIONAL ATTAINMENT!!Population 25 to 64 years","Total!!Estimate!!EDUCATIONAL ATTAINMENT!!Less than high school graduate","Total!!Margin of Error!!EDUCATIONAL ATTAINMENT!!Less than high school graduate","In labor force!!Estimate!!EDUCATIONAL ATTAINMENT!!Less than high school graduate","In labor force!!Margin of Error!!EDUCATIONAL ATTAINMENT!!Less than high school graduate","Employed!!Estimate!!EDUCATIONAL ATTAINMENT!!Less than high school graduate","Employed!!Margin of Error!!EDUCATIONAL ATTAINMENT!!Less than high school graduate","Unemployment rate!!Estimate!!EDUCATIONAL ATTAINMENT!!Less than high school graduate","Unemployment rate!!Margin of Error!!EDUCATIONAL ATTAINMENT!!Less than high school graduate","Total!!Estimate!!EDUCATIONAL ATTAINMENT!!High school graduate (includes equivalency)","Total!!Margin of Error!!EDUCATIONAL ATTAINMENT!!High school graduate (includes equivalency)","In labor force!!Estimate!!EDUCATIONAL ATTAINMENT!!High school graduate (includes equivalency)","In labor force!!Margin of Error!!EDUCATIONAL ATTAINMENT!!High school graduate (includes equivalency)","Employed!!Estimate!!EDUCATIONAL ATTAINMENT!!High school graduate (includes equivalency)","Employed!!Margin of Error!!EDUCATIONAL ATTAINMENT!!High school graduate (includes equivalency)","Unemployment rate!!Estimate!!EDUCATIONAL ATTAINMENT!!High school graduate (includes equivalency)","Unemployment rate!!Margin of Error!!EDUCATIONAL ATTAINMENT!!High school graduate (includes equivalency)","Total!!Estimate!!EDUCATIONAL ATTAINMENT!!Some college or associate's degree","Total!!Margin of Error!!EDUCATIONAL ATTAINMENT!!Some college or associate's degree","In labor force!!Estimate!!EDUCATIONAL ATTAINMENT!!Some college or associate's degree","In labor force!!Margin of Error!!EDUCATIONAL ATTAINMENT!!Some college or associate's degree","Employed!!Estimate!!EDUCATIONAL ATTAINMENT!!Some college or associate's degree","Employed!!Margin of Error!!EDUCATIONAL ATTAINMENT!!Some college or associate's degree","Unemployment rate!!Estimate!!EDUCATIONAL ATTAINMENT!!Some college or associate's degree","Unemployment rate!!Margin of Error!!EDUCATIONAL ATTAINMENT!!Some college or associate's degree","Total!!Estimate!!EDUCATIONAL ATTAINMENT!!Bachelor's degree or higher","Total!!Margin of Error!!EDUCATIONAL ATTAINMENT!!Bachelor's degree or higher","In labor force!!Estimate!!EDUCATIONAL ATTAINMENT!!Bachelor's degree or higher","In labor force!!Margin of Error!!EDUCATIONAL ATTAINMENT!!Bachelor's degree or higher","Employed!!Estimate!!EDUCATIONAL ATTAINMENT!!Bachelor's degree or higher","Employed!!Margin of Error!!EDUCATIONAL ATTAINMENT!!Bachelor's degree or higher","Unemployment rate!!Estimate!!EDUCATIONAL ATTAINMENT!!Bachelor's degree or higher","Unemployment rate!!Margin of Error!!EDUCATIONAL ATTAINMENT!!Bachelor's degree or higher","Total!!Estimate!!PERCENT IMPUTED!!Employment status for population 16 years and over","Total!!Margin of Error!!PERCENT IMPUTED!!Employment status for population 16 years and over","In labor force!!Estimate!!PERCENT IMPUTED!!Employment status for population 16 years and over","In labor force!!Margin of Error!!PERCENT IMPUTED!!Employment status for population 16 years and over","Employed!!Estimate!!PERCENT IMPUTED!!Employment status for population 16 years and over","Employed!!Margin of Error!!PERCENT IMPUTED!!Employment status for population 16 years and over","Unemployment rate!!Estimate!!PERCENT IMPUTED!!Employment status for population 16 years and over","Unemployment rate!!Margin of Error!!PERCENT IMPUTED!!Employment status for population 16 years and over",
"0400000US01","Alabama","3714504","1588","60.5","0.1","54.8","0.2","8.7","0.1","276194","1826","39.9","0.7","28.4","0.6","28.3","1.0","330178","1182","73.1","0.7","60.8","0.7","15.9","0.6","1230455","1395","80.1","0.3","73.0","0.3","7.9","0.2","685414","836","74.8","0.4","70.3","0.4","5.8","0.2","557046","561","55.6","0.5","53.0","0.5","4.6","0.3","353234","586","20.7","0.4","19.8","0.4","4.6","0.5","281983","569","5.0","0.2","4.7","0.2","4.7","1.0","3677648","1991","60.5","0.1","54.9","0.2","8.7","0.1","2658785","2529","60.7","0.2","56.2","0.2","6.7","0.2","927040","1772","59.3","0.3","50.4","0.4","14.6","0.4","19644","878","61.5","2.1","54.3","2.2","10.8","2.1","39787","551","64.8","1.7","60.4","1.8","5.6","1.1","1308","364","61.9","8.6","59.6","8.9","0.5","0.7","31084","2049","77.6","1.7","70.3","2.0","8.6","1.4","36856","1314","57.5","1.8","49.4","1.6","12.7","1.5","108072","562","73.7","0.9","66.2","1.0","8.7","0.8","2587938","1400","60.3","0.2","56.0","0.2","6.6","0.2","2803093","1207","73.1","0.2","66.9","0.2","7.8","0.1","1368551","920","79.2","0.3","72.3","0.3","7.5","0.2","1434542","887","67.3","0.3","61.7","0.3","8.1","0.2","227583","2811","67.2","0.7","59.1","0.7","11.7","0.6","(X)","(X)","(X)","-888888888.0","(X)","-888888888.0","(X)","(X)","(X)","(X)","(X)","(X)","(X)","-888888888.0","(X)","(X)","2472915","1202","73.1","0.2","67.7","0.2","6.7","0.1","380678","5659","53.1","0.6","45.3","0.5","14.5","0.6","769265","6030","70.1","0.4","64.5","0.4","7.7","0.3","745696","4789","77.8","0.3","72.3","0.4","6.2","0.3","577276","5578","84.2","0.3","80.8","0.3","3.0","0.2","4.2","(X)","(X)","-888888888","(X)","-888888888","(X)","-888888888",
"0400000US02","Alaska","528189","576","72.0","0.3","62.9","0.4","8.6","0.3","43185","688","49.3","1.6","36.9","1.5","23.0","1.9","55025","650","81.3","1.1","59.2","1.6","14.8","1.2","190742","877","83.0","0.5","71.9","0.7","7.9","0.5","110482","602","83.4","0.6","78.0","0.8","5.8","0.5","78601","333","67.2","1.1","63.1","1.1","6.0","0.6","32019","325","29.5","1.5","28.1","1.4","4.6","1.2","18135","262","9.3","1.2","8.9","1.1","4.5","2.7","499275","1446","72.0","0.4","63.0","0.4","8.3","0.3","370603","934","73.7","0.5","65.5","0.5","6.3","0.3","17617","524","76.4","2.6","63.0","3.3","8.9","2.0","69905","1226","59.7","1.1","46.4","1.1","21.7","1.2","29031","865","76.4","1.4","71.3","1.6","4.7","1.1","4274","253","75.5","5.1","65.2","5.0","11.3","3.7","7845","716","77.3","3.5","64.2","3.5","9.9","2.7","28914","1265","71.8","1.7","60.3","1.8","14.1","1.7","25700","709","77.5","1.8","65.1","2.3","9.0","1.6","357000","821","73.5","0.4","65.4","0.5","6.3","0.4","434850","600","80.0","0.3","70.3","0.4","7.8","0.3","228164","612","84.9","0.5","71.6","0.7","8.8","0.4","206686","673","74.7","0.6","68.8","0.7","6.6","0.5","37267","1152","63.5","1.9","56.4","1.9","9.1","1.2","(X)","(X)","(X)","-888888888.0","(X)","-888888888.0","(X)","(X)","(X)","(X)","(X)","(X)","(X)","-888888888.0","(X)","(X)","379825","799","79.9","0.4","71.9","0.5","6.9","0.3","28880","1184","64.2","2.1","54.6","2.1","14.5","1.5","103774","1925","75.8","0.9","67.1","1.0","10.3","0.8","142590","1827","81.3","0.6","71.8","0.8","6.7","0.5","104581","1988","86.2","0.5","81.5","0.7","2.6","0.3","2.8","(X)","(X)","-888888888","(X)","-888888888","(X)","-888888888",
"0400000US04","Arizona","4813496","1502","62.2","0.2","57.1","0.2","7.7","0.1","362973","1601","42.6","0.7","32.9","0.7","22.1","0.9","432885","733","75.0","0.6","65.1","0.6","11.5","0.4","1681758","990","80.0","0.3","74.0","0.3","6.6","0.2","820262","558","78.9","0.4","74.1","0.4","5.9","0.2","682390","384","60.0","0.4","56.5","0.4","5.7","0.3","462410","543","20.9","0.4","19.7","0.4","5.8","0.5","370818","362","4.9","0.3","4.6","0.3","7.3","1.2","4725731","3080","62.2","0.2","57.1","0.2","7.6","0.1","3867436","6352","61.8","0.2","57.1","0.2","6.8","0.1","176402","1250","63.9","0.9","55.7","1.0","11.6","0.8","196581","1703","53.9","0.8","44.7","0.8","16.8","0.9","133700","1149","67.5","0.9","62.8","0.9","6.4","0.7","8987","387","64.7","2.9","60.4","3.4","6.3","2.3","342625","5898","68.8","0.6","62.0","0.7","9.4","0.5","87765","2723","64.9","1.0","56.4","1.0","12.3","1.0","1201908","990","66.0","0.3","59.5","0.3","9.3","0.3","3060103","1525","61.0","0.2","56.7","0.2","6.2","0.1","3617295","784","75.4","0.2","69.7","0.2","6.9","0.1","1809562","598","81.8","0.2","75.1","0.2","7.2","0.2","1807733","544","69.0","0.3","64.3","0.3","6.6","0.2","321248","3948","60.8","0.7","55.4","0.7","8.6","0.5","(X)","(X)","(X)","-888888888.0","(X)","-888888888.0","(X)","(X)","(X)","(X)","(X)","(X)","(X)","-888888888.0","(X)","(X)","3184410","849","75.4","0.2","70.3","0.2","6.3","0.1","453289","5591","61.2","0.5","54.1","0.6","11.7","0.5","761494","7640","71.9","0.4","66.0","0.4","8.0","0.3","1107145","7682","77.7","0.3","72.4","0.3","6.0","0.2","862482","7347","82.9","0.3","79.8","0.3","3.2","0.1","4.6","(X)","(X)","-888888888","(X)","-888888888","(X)","-888888888",
"0400000US05","Arkansas","2247624","1178","60.9","0.2","55.8","0.2","7.8","0.2","165933","1568","42.7","0.9","31.9","0.8","25.1","1.2","196084","1374","74.5","0.8","63.3","1.0","13.9","0.7","743892","1497","80.2","0.3","73.9","0.4","7.2","0.3","399719","944","76.1","0.4","71.9","0.5","5.4","0.3","336101","560","57.4","0.5","55.1","0.6","3.9","0.3","223331","482","21.4","0.5","20.4","0.5","4.5","0.7","182564","426","5.3","0.3","5.1","0.3","3.7","1.4","2217954","1554","60.9","0.2","55.9","0.2","7.8","0.2","1807103","2106","60.7","0.2","56.5","0.2","6.5","0.2","325611","880","60.4","0.6","51.0","0.6","15.2","0.6","14697","801","61.0","2.6","55.1","2.9","9.4","2.7","25743","565","66.1","2.5","61.8","2.7","5.7","1.6","2409","194","71.1","7.2","57.4","8.0","19.4","6.9","42391","1919","70.9","1.7","65.2","1.8","7.9","1.4","29670","1055","56.7","2.2","50.3","2.1","10.4","1.5","105947","459","70.9","0.9","65.3","0.9","7.5","0.8","1747014","1089","60.3","0.2","56.1","0.2","6.4","0.2","1675796","1226","74.0","0.2","68.4","0.3","7.0","0.2","828233","1041","78.9","0.3","72.6","0.4","7.2","0.2","847563","960","69.2","0.3","64.3","0.3","6.9","0.2","145584","2312","68.6","0.9","61.9","0.9","9.5","0.7","(X)","(X)","(X)","-888888888.0","(X)","-888888888.0","(X)","(X)","(X)","(X)","(X)","(X)","(X)","-888888888.0","(X)","(X)","1479712","1283","73.9","0.2","69.1","0.3","6.1","0.2","219115","3426","56.2","0.8","49.7","0.8","11.5","0.8","519976","4579","72.0","0.4","66.8","0.4","7.2","0.3","437089","3847","77.2","0.5","72.1","0.5","5.8","0.3","303532","4421","85.2","0.5","82.6","0.5","2.4","0.2","3.5","(X)","(X)","-888888888","(X)","-888888888","(X)","-888888888",
"0400000US06","California","28445585","4159","64.7","0.1","58.5","0.1","9.0","0.1","2249151","4256","35.2","0.2","25.0","0.2","28.1","0.4","2698489","1547","73.0","0.2","61.1","0.2","14.0","0.2","10525049","1391","80.9","0.1","73.9","0.1","7.9","0.1","5147450","1110","79.8","0.1","74.1","0.1","7.0","0.1","3764850","636","63.9","0.2","59.6","0.2","6.7","0.1","2135547","694","24.5","0.2","22.9","0.2","6.5","0.2","1925049","701","5.4","0.1","5.1","0.1","5.8","0.5","27652382","12596","64.7","0.1","58.5","0.1","8.9","0.1","17841369","21259","64.3","0.1","58.4","0.1","8.4","0.1","1742544","4272","60.9","0.3","51.5","0.3","14.2","0.3","220181","4378","61.7","0.7","52.2","0.8","14.2","0.6","3880671","5374","64.2","0.2","59.4","0.2","7.2","0.1","109878","1412","68.1","1.1","59.6","1.1","11.1","0.9","3857739","24303","68.8","0.2","61.6","0.2","10.2","0.2","793203","12137","66.0","0.4","56.9","0.4","12.9","0.4","9321032","2489","67.6","0.1","60.1","0.1","10.6","0.1","12793154","3858","63.4","0.1","58.1","0.1","7.4","0.1","22135838","1840","76.8","0.1","69.9","0.1","8.2","0.1","11115917","1196","83.6","0.1","75.7","0.1","8.2","0.1","11019921","1289","69.9","0.1","64.1","0.1","8.2","0.1","1880731","10894","61.3","0.2","54.8","0.2","10.3","0.2","(X)","(X)","(X)","-888888888.0","(X)","-888888888.0","(X)","(X)","(X)","(X)","(X)","(X)","(X)","-888888888.0","(X)","(X)","19437349","1164","77.3","0.1","71.2","0.1","7.5","0.1","3550821","17374","66.0","0.2","58.4","0.2","11.4","0.2","4044319","23888","73.6","0.2","66.4","0.2","9.3","0.1","5797159","16757","78.9","0.1","72.4","0.1","7.5","0.1","6045050","30157","84.9","0.1","80.7","0.1","4.5","0.1","4.2","(X)","(X)","-888888888","(X)","-888888888","(X)","-888888888",
"0400000US08","Colorado","3820290","1699","69.8","0.2","64.3","0.2","6.8","0.1","274206","1942","48.4","0.7","36.5","0.7","22.6","0.8","344945","1312","79.2","0.7","67.7","0.7","11.1","0.5","1403664","1224","84.3","0.2","78.5","0.2","5.6","0.2","732578","831","83.8","0.4","79.3","0.4","5.2","0.2","549875","538","68.1","0.4","64.4","0.4","5.4","0.2","283790","499","27.0","0.6","25.6","0.5","5.0","0.5","231232","467","5.8","0.3","5.6","0.3","4.0","0.9","3736785","2520","69.8","0.2","64.4","0.2","6.7","0.1","3252804","4765","69.9","0.2","64.9","0.2","6.2","0.1","143814","1254","66.7","0.8","57.0","0.8","12.4","0.9","36653","1256","66.5","1.8","56.2","1.9","14.7","1.8","105873","1085","69.5","1.0","64.8","1.0","5.4","0.6","4569","433","73.9","4.2","61.2","5.5","10.4","3.5","193072","4149","70.4","0.8","62.8","0.8","10.4","0.7","83505","1955","70.4","1.2","61.0","1.3","11.7","1.1","663248","1112","69.0","0.4","61.9","0.4","9.7","0.3","2824554","1520","70.2","0.2","65.3","0.2","5.8","0.1","3031062","1432","80.6","0.2","74.9","0.2","6.1","0.1","1533447","1320","86.5","0.2","79.6","0.2","6.3","0.2","1497615","999","74.7","0.2","70.1","0.3","5.9","0.2","259914","3285","64.9","0.7","59.7","0.7","7.5","0.5","(X)","(X)","(X)","-888888888.0","(X)","-888888888.0","(X)","(X)","(X)","(X)","(X)","(X)","(X)","-888888888.0","(X)","(X)","2686117","1129","80.8","0.2","75.8","0.2","5.5","0.1","260235","4307","65.8","0.8","59.1","0.8","10.2","0.5","590545","5556","77.6","0.4","71.8","0.4","7.0","0.3","831985","5440","81.6","0.3","76.0","0.3","5.9","0.2","1003352","6514","86.0","0.3","82.4","0.3","3.4","0.1","3.6","(X)","(X)","-888888888","(X)","-888888888","(X)","-888888888",
"0400000US09","Connecticut","2820837","1326","68.1","0.2","62.6","0.2","7.6","0.1","201273","1439","45.9","0.8","34.7","0.8","23.2","1.0","221281","456","77.4","0.8","66.1","0.9","13.1","0.7","923110","590","85.0","0.3","78.8","0.3","6.8","0.2","564213","453","85.0","0.3","80.1","0.4","5.6","0.2","419257","277","71.8","0.5","67.8","0.5","5.4","0.3","240127","339","31.0","0.7","28.9","0.6","6.7","0.5","251576","283","6.8","0.3","6.4","0.3","5.2","0.8","2779821","2198","68.0","0.2","62.6","0.2","7.5","0.1","2276897","3930","67.5","0.2","62.9","0.2","6.4","0.1","258045","1528","69.5","0.6","59.9","0.7","13.5","0.7","6162","625","63.9","4.5","54.7","4.2","12.4","3.6","99931","835","71.1","0.9","66.3","0.8","6.4","0.6","1018","206","87.5","7.8","76.4","10.5","10.2","7.4","137768","3933","72.3","1.1","61.3","1.2","14.9","1.0","41016","2006","70.5","1.6","60.5","1.9","12.8","1.7","312752","579","70.7","0.7","61.1","0.7","13.2","0.6","2114731","1398","67.3","0.2","62.9","0.2","6.0","0.1","2127861","517","81.6","0.2","75.7","0.2","6.8","0.1","1045333","389","86.4","0.2","79.8","0.3","7.0","0.2","1082528","341","76.9","0.3","71.7","0.3","6.7","0.2","172205","2585","69.7","0.7","63.8","0.9","8.4","0.6","(X)","(X)","(X)","-888888888.0","(X)","-888888888.0","(X)","(X)","(X)","(X)","(X)","(X)","(X)","-888888888.0","(X)","(X)","1906580","470","82.1","0.2","76.8","0.2","6.2","0.1","170358","3383","64.2","0.9","55.0","0.9","14.2","0.8","511549","4796","80.2","0.4","73.7","0.5","7.9","0.3","500924","4550","84.3","0.4","78.2","0.4","6.7","0.3","723749","6006","86.1","0.3","83.1","0.3","3.3","0.1","4.0","(X)","(X)","-888888888","(X)","-888888888","(X)","-888888888",
"0400000US10","Delaware","700375","765","64.9","0.4","59.8","0.4","7.1","0.3","51436","797","43.0","1.9","33.1","1.9","22.3","2.2","61036","191","76.1","1.6","65.3","1.9","12.2","1.3","230467","265","83.9","0.5","78.0","0.6","6.0","0.4","129825","161","82.9","0.8","78.2","0.9","5.5","0.5","104699","119","63.0","1.0","60.1","1.0","4.6","0.6","67891","155","23.2","1.1","21.7","1.0","6.4","1.0","55021","143","6.3","0.7","5.9","0.6","6.0","2.5","691007","1098","64.9","0.4","59.9","0.4","7.0","0.3","514388","1437","64.4","0.4","60.0","0.4","6.0","0.3","138349","730","65.6","1.0","58.0","0.9","11.0","0.9","2462","337","67.1","6.3","55.3","6.5","16.7","8.6","21775","411","68.0","1.8","64.6","1.8","4.0","1.2","346","140","73.7","20.9","73.7","20.9","0.0","11.9","13687","1104","72.7","3.2","66.4","3.6","7.8","2.6","9368","872","66.7","3.5","56.1","4.0","15.4","3.4","44245","211","69.9","1.7","63.2","1.7","8.9","1.3","487314","590","64.2","0.4","59.9","0.5","5.9","0.3","526027","205","78.6","0.5","73.0","0.5","6.3","0.3","255530","150","83.3","0.6","76.7","0.6","6.7","0.5","270497","174","74.2","0.7","69.5","0.7","6.0","0.4","43085","1145","71.5","1.6","65.7","1.7","7.8","1.2","(X)","(X)","(X)","-888888888.0","(X)","-888888888.0","(X)","(X)","(X)","(X)","(X)","(X)","(X)","-888888888.0","(X)","(X)","464991","222","78.9","0.4","74.0","0.5","5.6","0.3","49459","1565","62.2","1.6","55.0","1.6","11.5","1.4","144026","2384","75.5","0.8","69.9","0.8","7.1","0.6","134945","2271","81.8","0.7","76.4","0.8","5.5","0.5","136561","2360","85.7","0.5","82.9","0.6","2.7","0.3","3.7","(X)","(X)","-888888888","(X)","-888888888","(X)","-888888888",
"0400000US11","District of Columbia","493401","397","67.1","0.4","60.2","0.5","9.4","0.5","37888","886","25.2","1.9","17.3","1.7","29.9","3.5","56056","844","67.1","1.6","55.6","1.6","15.5","1.4","195435","142","86.9","0.6","79.0","0.8","8.1","0.6","74988","100","79.2","1.1","71.5","1.2","9.4","1.0","61926","104","65.4","1.5","61.2","1.5","6.4","0.9","35237","87","31.6","1.6","30.2","1.6","4.5","1.3","31871","76","9.4","1.2","9.2","1.2","2.8","1.7","485261","841","67.0","0.4","60.2","0.5","9.5","0.5","201956","1152","75.7","0.7","72.2","0.7","3.2","0.4","247600","912","58.7","0.7","48.9","0.8","16.5","0.9","1407","199","68.9","9.4","55.1","9.3","20.1","10.9","18653","358","74.6","1.8","71.3","1.9","3.4","1.2","303","65","61.7","20.0","61.7","20.0","0.0","19.1","15342","1071","78.2","2.6","70.3","3.0","8.8","2.2","8140","679","71.3","3.1","65.1","3.2","6.8","2.3","40747","129","77.1","1.5","70.8","1.8","7.1","1.3","179400","223","75.6","0.7","72.3","0.7","2.9","0.3","388405","844","79.1","0.5","71.3","0.6","9.0","0.5","185600","601","81.1","0.7","72.3","0.8","9.5","0.6","202805","557","77.3","0.7","70.4","0.8","8.6","0.6","22858","868","71.4","2.4","60.5","2.5","14.7","2.2","(X)","(X)","(X)","-888888888.0","(X)","-888888888.0","(X)","(X)","(X)","(X)","(X)","(X)","(X)","-888888888.0","(X)","(X)","332349","140","81.2","0.5","74.0","0.7","8.1","0.5","37689","1563","60.5","2.1","50.1","2.4","17.1","2.3","63644","1940","70.6","1.4","58.1","1.7","17.4","1.7","57658","1563","80.0","1.2","70.4","1.3","10.9","1.0","173358","1533","90.0","0.6","86.2","0.6","3.3","0.3","6.7","(X)","(X)","-888888888","(X)","-888888888","(X)","-888888888",
"0400000US12","Florida","14988197","2948","61.3","0.1","55.5","0.1","8.9","0.1","991504","3277","40.2","0.4","29.3","0.4","26.2","0.6","1208222","1649","74.7","0.4","63.3","0.4","13.7","0.3","4760048","1886","82.8","0.1","75.6","0.2","7.9","0.1","2668334","1409","80.2","0.2","74.5","0.2","6.9","0.1","2225984","915","61.0","0.3","56.7","0.3","7.1","0.2","1633014","980","22.3","0.2","20.7","0.2","7.3","0.3","1501091","865","5.4","0.1","5.0","0.1","7.4","0.6","14775261","5160","61.2","0.1","55.5","0.1","8.8","0.1","11747960","9059","60.0","0.1","54.9","0.1","7.9","0.1","2152446","4205","64.6","0.3","55.4","0.3","13.6","0.3","43654","1527","61.9","1.8","53.8","1.9","12.2","1.5","358222","1905","67.6","0.6","62.7","0.6","6.7","0.4","8259","586","70.6","4.0","61.6","4.1","9.5","2.9","464720","8609","72.5","0.6","65.1","0.6","9.8","0.4","212936","4589","66.0","0.8","57.3","0.9","11.8","0.7","3064892","1548","67.0","0.2","60.6","0.2","9.2","0.2","9277573","3272","58.4","0.1","53.5","0.1","7.6","0.1","10862588","1783","76.8","0.1","70.1","0.1","8.1","0.1","5348619","1701","81.7","0.1","74.1","0.2","8.3","0.1","5513969","1277","72.0","0.2","66.2","0.2","7.9","0.1","794840","8577","68.5","0.4","61.1","0.4","10.6","0.3","(X)","(X)","(X)","-888888888.0","(X)","-888888888.0","(X)","(X)","(X)","(X)","(X)","(X)","(X)","-888888888.0","(X)","(X)","9654366","1752","77.1","0.1","70.9","0.1","7.5","0.1","1208353","10190","63.3","0.4","55.0","0.4","13.1","0.4","2819884","19109","74.3","0.2","67.4","0.2","9.0","0.1","2995645","12914","79.5","0.2","73.2","0.2","7.2","0.1","2630484","17911","83.6","0.2","79.5","0.2","4.3","0.1","4.8","(X)","(X)","-888888888","(X)","-888888888","(X)","-888888888",
"0400000US13","Georgia","7287745","2357","65.5","0.1","59.0","0.1","8.8","0.1","574283","3504","37.7","0.5","26.2","0.5","28.9","0.7","661052","2470","72.8","0.6","59.4","0.5","15.7","0.4","2738532","2284","82.0","0.2","74.6","0.2","7.7","0.1","1343284","2076","79.5","0.2","74.2","0.3","6.3","0.2","999243","1030","60.9","0.3","57.2","0.3","6.0","0.2","560765","928","23.0","0.4","21.7","0.4","5.5","0.4","410586","821","5.4","0.2","5.1","0.2","5.6","0.9","7211416","3231","65.4","0.1","59.0","0.1","8.8","0.1","4603079","5955","64.9","0.1","59.8","0.1","6.7","0.1","2128275","2898","65.4","0.3","55.9","0.3","13.7","0.2","18734","1080","63.7","2.7","52.9","2.8","13.6","2.9","230981","1227","66.6","0.7","62.1","0.7","6.0","0.5","3541","361","76.6","6.4","62.8","6.1","12.0","5.1","226806","5234","75.0","0.7","67.8","0.7","8.4","0.7","76329","2893","66.9","1.2","55.9","1.4","13.5","1.0","521751","1033","72.9","0.4","65.6","0.5","8.7","0.4","4330278","1846","64.5","0.1","59.5","0.2","6.6","0.1","5742111","2763","76.7","0.1","69.7","0.1","8.0","0.1","2812916","2700","82.3","0.2","74.4","0.2","7.8","0.2","2929195","1823","71.3","0.2","65.2","0.2","8.2","0.1","508343","5005","66.9","0.5","59.2","0.5","11.1","0.4","(X)","(X)","(X)","-888888888.0","(X)","-888888888.0","(X)","(X)","(X)","(X)","(X)","(X)","(X)","-888888888.0","(X)","(X)","5081059","2535","77.2","0.1","71.1","0.1","7.1","0.1","716197","7628","59.0","0.5","51.4","0.4","12.9","0.4","1473919","10158","73.7","0.3","67.1","0.3","8.4","0.2","1422633","8977","81.0","0.2","74.1","0.3","7.1","0.2","1468310","11065","85.8","0.2","81.7","0.2","3.9","0.1","4.5","(X)","(X)","-888888888","(X)","-888888888","(X)","-888888888",
"0400000US15","Hawaii","1068287","735","66.8","0.3","59.6","0.4","5.6","0.2","69042","810","40.2","1.5","29.6","1.4","20.5","2.3","95435","273","79.0","1.0","57.4","1.3","10.3","0.8","359015","303","84.6","0.5","74.4","0.6","5.3","0.3","193225","164","83.8","0.7","79.5","0.7","4.1","0.3","165170","165","68.2","0.7","65.7","0.8","3.5","0.4","93796","158","28.9","0.9","28.1","0.9","2.9","0.5","92604","112","6.1","0.5","5.9","0.5","2.3","1.0","873703","3346","65.9","0.4","58.8","0.4","4.9","0.2","290136","1155","69.0","0.6","56.8","0.7","5.6","0.4","17112","554","80.8","2.2","49.5","3.4","7.6","2.5","3126","362","64.2","7.1","50.3","7.0","6.0","4.1","455696","3015","63.3","0.5","60.6","0.5","3.4","0.2","94900","1369","65.8","1.2","58.9","1.2","9.2","0.9","12733","1064","72.0","2.7","51.3","4.0","5.4","1.7","194584","3419","71.0","0.8","63.2","0.9","8.7","0.7","76425","227","70.4","1.0","57.4","1.3","9.6","1.1","269770","282","68.7","0.6","56.7","0.7","5.4","0.5","812845","304","80.4","0.3","71.9","0.4","5.2","0.2","413787","249","85.2","0.5","72.8","0.6","5.8","0.3","399058","311","75.4","0.5","70.9","0.5","4.4","0.3","62977","1901","68.7","1.5","63.0","1.5","5.9","0.9","(X)","(X)","(X)","-888888888.0","(X)","-888888888.0","(X)","(X)","(X)","(X)","(X)","(X)","(X)","-888888888.0","(X)","(X)","717410","266","80.6","0.3","73.8","0.4","4.6","0.2","50562","1649","63.7","1.4","58.1","1.4","8.4","1.1","196297","3187","77.0","0.7","70.0","0.8","6.8","0.6","245794","3203","82.3","0.5","74.3","0.5","4.2","0.3","224757","3207","85.6","0.5","80.1","0.6","2.6","0.3","5.0","(X)","(X)","-888888888","(X)","-888888888","(X)","-888888888",
"0400000US16","Idaho","1153611","901","65.5","0.2","60.6","0.2","7.0","0.2","92068","1092","49.5","0.9","39.5","0.9","20.0","1.2","108913","773","78.9","1.0","69.7","1.1","10.3","0.9","393942","868","81.7","0.3","76.3","0.4","5.8","0.3","207365","588","82.0","0.5","77.7","0.5","5.1","0.3","168315","473","62.9","0.7","59.3","0.7","5.7","0.5","100821","338","22.1","0.8","20.9","0.8","5.4","0.8","82187","293","5.4","0.5","5.1","0.5","4.8","1.7","1132362","1352","65.6","0.2","60.7","0.2","6.9","0.2","1073551","2011","65.4","0.2","60.7","0.2","6.7","0.2","5802","370","74.1","4.7","59.4","4.9","16.8","4.0","13642","716","60.0","2.4","51.8","2.6","13.6","2.6","14255","561","64.5","2.7","58.8","2.8","8.1","2.3","1670","248","79.2","8.1","73.5","10.2","7.2","6.5","23442","1458","73.8","1.9","67.7","2.0","7.8","1.1","21249","1024","62.8","2.1","54.0","2.2","13.1","2.2","100768","343","71.4","1.0","63.8","1.0","10.1","0.8","1002288","834","65.0","0.3","60.5","0.3","6.4","0.2","878535","856","77.8","0.3","72.5","0.3","6.2","0.2","442435","604","84.9","0.4","78.4","0.4","6.8","0.3","436100","665","70.6","0.4","66.6","0.4","5.5","0.3","89261","1770","60.8","0.9","57.1","0.9","5.7","0.7","(X)","(X)","(X)","-888888888.0","(X)","-888888888.0","(X)","(X)","(X)","(X)","(X)","(X)","(X)","-888888888.0","(X)","(X)","769622","864","77.7","0.3","73.0","0.3","5.6","0.2","80163","1894","66.1","1.2","59.6","1.1","9.9","0.9","211779","2672","75.4","0.6","69.8","0.6","7.4","0.5","280773","2673","78.5","0.5","73.7","0.6","5.2","0.3","196907","2879","83.6","0.4","80.7","0.5","3.0","0.3","2.8","(X)","(X)","-888888888","(X)","-888888888","(X)","-888888888",
"0400000US17","Illinois","9967535","2526","66.8","0.1","60.8","0.1","8.6","0.1","746998","3026","44.0","0.4","32.2","0.4","25.9","0.5","874555","1577","75.6","0.3","64.4","0.4","14.0","0.3","3535724","1338","83.6","0.1","77.1","0.2","7.5","0.1","1854338","904","82.9","0.2","77.3","0.2","6.8","0.1","1387720","669","66.2","0.3","62.1","0.3","6.1","0.2","810679","550","25.4","0.3","24.1","0.3","4.8","0.3","757521","488","5.9","0.2","5.6","0.2","4.0","0.6","9856116","3748","66.7","0.1","60.8","0.1","8.5","0.1","7350997","8142","67.3","0.1","62.3","0.1","7.0","0.1","1388009","2693","60.5","0.3","49.7","0.3","17.6","0.4","19690","1208","64.0","2.7","55.6","2.8","12.3","1.8","456417","1610","68.7","0.5","64.2","0.5","6.4","0.3","2648","434","78.4","6.4","72.5","7.4","6.9","3.9","638355","7791","72.6","0.4","65.5","0.4","9.6","0.3","111419","3164","68.8","0.9","59.1","0.9","13.3","0.9","1315701","1164","71.7","0.3","64.4","0.3","10.0","0.2","6712905","2161","66.9","0.1","62.2","0.1","6.7","0.1","7652337","2019","79.4","0.1","73.0","0.1","7.8","0.1","3794332","1416","84.8","0.1","77.4","0.2","8.3","0.1","3858005","1439","74.1","0.2","68.6","0.2","7.3","0.1","648255","6127","66.6","0.4","60.6","0.4","9.0","0.4","(X)","(X)","(X)","-888888888.0","(X)","-888888888.0","(X)","(X)","(X)","(X)","(X)","(X)","(X)","-888888888.0","(X)","(X)","6777782","1358","79.9","0.1","74.1","0.1","7.1","0.1","776884","8224","62.5","0.5","54.1","0.5","13.4","0.3","1748165","11842","76.1","0.2","69.0","0.2","9.2","0.2","2016531","7713","82.4","0.2","76.1","0.2","7.3","0.1","2236202","12189","86.6","0.1","83.1","0.2","3.8","0.1","3.8","(X)","(X)","-888888888","(X)","-888888888","(X)","-888888888",
"0400000US18","Indiana","4996762","1700","65.6","0.1","60.0","0.1","8.4","0.1","382116","1844","45.1","0.5","34.5","0.5","23.5","0.6","449029","957","74.2","0.5","64.1","0.6","13.3","0.5","1689252","1358","83.3","0.2","76.5","0.2","7.9","0.2","937941","1014","82.2","0.2","77.0","0.3","6.2","0.2","723118","552","64.7","0.4","61.2","0.4","5.5","0.2","429621","558","24.4","0.4","23.3","0.4","4.7","0.3","385685","422","6.2","0.3","5.9","0.3","4.1","0.6","4934521","2645","65.6","0.1","60.1","0.1","8.3","0.1","4331448","2999","65.8","0.1","60.7","0.2","7.5","0.1","416500","1807","62.9","0.6","52.3","0.6","16.7","0.6","11988","673","61.5","2.7","52.3","3.0","14.6","2.8","74436","767","63.6","1.4","59.6","1.5","6.1","0.9","1191","289","70.9","9.6","63.8","8.6","10.0","7.2","98958","2345","72.4","1.1","64.8","1.2","10.4","0.9","62241","2060","65.8","1.3","56.8","1.5","13.4","1.4","231833","481","71.6","0.7","63.6","0.7","11.0","0.6","4209677","1914","65.6","0.1","60.7","0.2","7.4","0.1","3799340","1082","78.4","0.1","72.3","0.2","7.7","0.1","1890337","1085","83.4","0.2","76.5","0.2","8.1","0.2","1909003","985","73.5","0.2","68.1","0.2","7.3","0.2","317490","3641","69.2","0.6","62.3","0.6","9.9","0.5","(X)","(X)","(X)","-888888888.0","(X)","-888888888.0","(X)","(X)","(X)","(X)","(X)","(X)","(X)","-888888888.0","(X)","(X)","3350311","1239","79.0","0.1","73.3","0.2","7.0","0.1","381881","4982","59.6","0.4","51.0","0.5","14.5","0.5","1151371","6986","76.5","0.2","69.9","0.3","8.6","0.2","1001608","6864","82.2","0.3","76.6","0.3","6.6","0.2","815451","6774","87.5","0.2","84.6","0.2","3.1","0.1","3.6","(X)","(X)","-888888888","(X)","-888888888","(X)","-888888888",
"0400000US19","Iowa","2377835","1148","69.1","0.2","65.3","0.2","5.3","0.1","177476","1214","56.2","0.7","47.2","0.7","16.1","0.7","215347","878","82.4","0.7","75.0","0.7","8.8","0.5","748306","1024","87.6","0.2","83.3","0.2","4.7","0.2","440714","746","86.7","0.3","83.3","0.3","3.8","0.2","349362","601","71.7","0.5","69.5","0.4","3.0","0.2","217428","459","28.3","0.5","27.5","0.5","2.9","0.3","229202","363","6.9","0.3","6.7","0.3","2.3","0.6","2354106","1414","69.1","0.2","65.4","0.2","5.2","0.1","2217986","1713","69.1","0.2","65.6","0.2","4.9","0.1","57025","919","64.8","1.6","55.2","1.7","14.6","1.4","7050","496","59.7","3.8","50.3","3.9","15.8","3.7","39075","565","72.7","1.4","69.1","1.6","4.8","1.2","753","241","80.7","8.6","74.9","9.9","7.2","4.9","32217","1382","76.3","1.7","69.2","1.9","9.1","1.4","23729","993","67.3","2.4","58.9","2.5","12.4","1.9","84773","365","74.1","0.9","66.6","1.1","9.8","1.0","2170586","875","69.0","0.2","65.6","0.2","4.8","0.1","1753729","1107","83.6","0.2","79.5","0.2","4.7","0.1","883336","872","87.1","0.2","82.6","0.3","5.0","0.2","870393","884","80.0","0.3","76.4","0.3","4.3","0.2","151446","2224","77.1","0.7","73.0","0.7","5.3","0.4","(X)","(X)","(X)","-888888888.0","(X)","-888888888.0","(X)","(X)","(X)","(X)","(X)","(X)","(X)","-888888888.0","(X)","(X)","1538382","1023","83.7","0.2","80.2","0.2","4.1","0.1","115026","2307","67.1","0.9","60.4","0.9","10.0","0.7","475766","3636","80.7","0.3","76.4","0.3","5.3","0.2","526304","4078","85.7","0.2","82.1","0.3","4.0","0.2","421286","4214","89.1","0.3","87.4","0.3","1.8","0.1","3.2","(X)","(X)","-888888888","(X)","-888888888","(X)","-888888888",
"0400000US20","Kansas","2175144","1325","68.7","0.2","63.9","0.2","6.0","0.1","166744","1739","53.2","0.8","43.1","0.7","18.5","0.8","205496","1077","79.0","0.6","69.8","0.8","9.5","0.6","718223","1211","85.3","0.3","79.4","0.3","5.5","0.2","407084","742","84.5","0.3","80.7","0.4","4.2","0.2","309780","558","70.6","0.5","67.9","0.5","3.7","0.2","181828","519","29.7","0.6","28.8","0.6","3.1","0.4","185989","374","7.6","0.3","7.4","0.3","2.1","0.7","2132266","1759","68.7","0.2","64.0","0.2","5.9","0.1","1887159","2536","68.8","0.2","64.6","0.2","5.2","0.1","119201","1124","65.2","1.0","53.6","1.0","15.7","1.1","18030","790","63.1","2.5","57.3","2.5","7.6","1.3","51302","662","70.3","1.3","65.5","1.3","6.3","1.0","1153","212","68.0","11.2","58.5","10.5","13.1","7.5","55421","2252","74.0","1.3","67.3","1.4","8.3","1.2","42878","1525","67.3","1.7","59.0","1.8","11.5","1.3","174577","592","73.3","0.7","66.5","0.8","8.4","0.6","1779303","1162","68.6","0.2","64.5","0.2","5.0","0.1","1640583","1315","81.5","0.2","76.3","0.2","5.3","0.1","823342","912","86.2","0.2","80.0","0.3","5.5","0.2","817241","913","76.8","0.3","72.7","0.3","5.1","0.2","149728","2314","70.1","0.8","64.8","0.8","7.3","0.6","(X)","(X)","(X)","-888888888.0","(X)","-888888888.0","(X)","(X)","(X)","(X)","(X)","(X)","(X)","-888888888.0","(X)","(X)","1435087","1211","81.9","0.2","77.3","0.2","4.8","0.1","131454","2731","65.7","0.8","58.8","0.9","10.5","0.8","378777","3868","78.2","0.4","72.8","0.4","6.3","0.3","468559","3710","83.6","0.3","78.7","0.3","4.7","0.2","456297","4418","87.9","0.3","84.8","0.3","2.5","0.2","3.1","(X)","(X)","-888888888","(X)","-888888888","(X)","-888888888",
"0400000US21","Kentucky","3383799","1613","60.8","0.2","55.3","0.2","8.2","0.1","239572","1886","45.1","0.7","34.2","0.7","23.1","0.9","288226","1437","74.7","0.6","62.4","0.5","14.3","0.5","1152312","1492","79.2","0.3","72.2","0.3","7.8","0.2","634200","990","74.3","0.4","70.1","0.4","5.6","0.2","509455","726","53.6","0.4","51.1","0.4","4.7","0.3","310316","591","20.3","0.5","19.5","0.5","4.1","0.5","249718","472","5.2","0.3","5.1","0.3","3.0","0.9","3352487","1995","60.8","0.2","55.4","0.2","8.1","0.1","3033630","1983","60.4","0.2","55.4","0.2","7.7","0.1","247657","1796","62.5","0.6","52.6","0.7","14.4","0.8","7311","546","55.5","4.2","43.6","3.8","15.9","3.4","34590","665","67.5","1.6","63.5","1.7","5.2","0.9","2173","366","68.9","7.9","65.2","8.5","3.9","3.6","27126","1597","75.4","2.1","68.7","2.3","7.5","1.6","31312","1435","58.8","2.0","48.9","2.1","15.3","2.2","75923","1099","73.5","1.1","64.2","1.2","9.7","1.0","2989255","1240","60.3","0.2","55.3","0.2","7.6","0.1","2584193","1408","72.4","0.2","66.4","0.2","7.5","0.1","1282070","1171","77.3","0.3","70.2","0.3","7.9","0.2","1302123","1098","67.6","0.3","62.7","0.3","7.1","0.2","209546","2729","66.2","0.7","59.3","0.7","10.2","0.6","(X)","(X)","(X)","-888888888.0","(X)","-888888888.0","(X)","(X)","(X)","(X)","(X)","(X)","(X)","-888888888.0","(X)","(X)","2295967","1310","72.2","0.2","66.9","0.2","6.7","0.1","339614","4342","45.8","0.6","39.4","0.6","13.8","0.6","794027","5160","70.1","0.4","64.2","0.4","8.0","0.3","653823","4973","78.1","0.3","72.4","0.3","6.3","0.2","508503","5755","85.3","0.3","82.5","0.4","2.8","0.2","3.3","(X)","(X)","-888888888","(X)","-888888888","(X)","-888888888",
"0400000US22","Louisiana","3455412","1512","61.7","0.2","56.5","0.2","7.7","0.1","266231","1988","40.5","0.8","30.3","0.7","24.7","1.0","332825","1312","72.2","0.6","61.2","0.7","13.4","0.6","1173388","1502","79.2","0.3","73.0","0.3","7.0","0.2","645311","979","75.4","0.4","71.3","0.4","5.3","0.2","500561","593","57.2","0.5","54.6","0.5","4.6","0.2","295926","538","23.2","0.5","22.3","0.5","3.8","0.4","241170","504","5.5","0.2","5.3","0.2","3.4","0.9","3422926","2311","61.7","0.2","56.5","0.2","7.7","0.1","2273712","2177","62.4","0.2","58.6","0.2","5.3","0.1","1035400","1768","59.7","0.3","51.4","0.4","13.4","0.4","20643","796","59.1","2.5","52.9","2.2","9.1","2.0","53677","621","66.5","1.4","61.5","1.5","6.8","1.2","1222","396","58.0","16.9","53.5","16.3","1.1","1.7","38272","2119","70.7","1.8","65.2","1.9","6.6","1.3","32486","1703","62.2","2.0","54.8","1.9","9.5","1.7","128367","514","69.5","1.0","63.3","1.1","7.4","0.7","2192553","1174","62.2","0.2","58.5","0.2","5.2","0.1","2652085","1384","73.3","0.2","67.6","0.2","7.0","0.1","1306634","1258","78.3","0.3","71.8","0.3","7.2","0.2","1345451","1084","68.4","0.3","63.6","0.3","6.8","0.2","224201","3645","68.3","0.7","61.9","0.7","9.0","0.6","(X)","(X)","(X)","-888888888.0","(X)","-888888888.0","(X)","(X)","(X)","(X)","(X)","(X)","(X)","-888888888.0","(X)","(X)","2319260","1335","73.4","0.2","68.5","0.2","6.1","0.1","374838","4576","53.5","0.7","46.6","0.7","13.0","0.7","802409","5976","71.6","0.3","66.4","0.4","6.9","0.3","629373","5680","78.2","0.3","73.1","0.4","5.4","0.2","512640","6137","85.1","0.3","82.3","0.3","2.5","0.1","4.3","(X)","(X)","-888888888","(X)","-888888888","(X)","-888888888",
"0400000US23","Maine","1083357","757","65.2","0.3","60.7","0.3","6.5","0.2","74170","785","51.1","1.2","41.4","1.1","19.0","1.4","79886","399","78.4","1.1","67.9","1.1","12.6","0.9","326585","563","84.6","0.5","78.8","0.5","6.0","0.3","218829","378","82.2","0.5","78.3","0.6","4.6","0.4","180724","272","65.5","0.7","62.7","0.7","4.2","0.3","106101","250","24.8","0.7","23.7","0.7","4.3","0.7","97062","188","5.7","0.5","5.5","0.4","3.5","1.4","1071551","844","65.3","0.3","60.8","0.3","6.4","0.2","1043895","851","65.3","0.3","60.9","0.3","6.3","0.2","8446","332","67.0","3.3","54.6","3.4","15.7","3.2","5629","319","58.0","3.3","47.0","3.7","18.6","4.5","10205","322","65.7","3.6","62.2","3.5","4.6","1.6","344","107","61.0","18.3","59.9","18.4","1.9","3.1","3032","475","69.8","5.3","63.3","5.9","7.8","4.3","11806","625","58.6","3.0","50.1","2.9","13.9","2.3","11242","201","68.4","2.5","59.6","2.4","11.1","2.4","1036788","618","65.3","0.3","60.9","0.3","6.3","0.2","806024","529","79.0","0.3","74.0","0.3","5.9","0.2","397912","445","82.9","0.4","76.7","0.5","6.6","0.3","408112","308","75.2","0.4","71.4","0.4","5.1","0.2","53914","1289","70.0","1.4","64.8","1.3","7.2","0.8","(X)","(X)","(X)","-888888888.0","(X)","-888888888.0","(X)","(X)","(X)","(X)","(X)","(X)","(X)","-888888888.0","(X)","(X)","726138","528","79.1","0.3","74.7","0.4","5.2","0.2","50402","1823","54.3","1.4","46.1","1.4","15.1","1.5","249188","2553","75.3","0.6","70.1","0.6","6.7","0.3","221910","2116","81.9","0.5","77.5","0.5","4.6","0.3","204638","2504","86.7","0.5","84.2","0.5","2.6","0.2","2.9","(X)","(X)","-888888888","(X)","-888888888","(X)","-888888888",
"0400000US24","Maryland","4503062","1893","69.6","0.1","64.5","0.1","6.6","0.1","331520","2180","43.7","0.6","33.5","0.6","22.9","0.8","381611","1257","77.4","0.6","66.5","0.6","12.7","0.5","1573196","913","86.2","0.2","80.1","0.2","5.7","0.1","882486","664","85.1","0.3","81.1","0.3","4.4","0.2","656969","415","69.9","0.3","66.9","0.4","4.2","0.2","362224","459","29.7","0.5","28.4","0.5","4.3","0.4","315056","395","6.7","0.3","6.5","0.3","3.2","0.7","4431742","3327","69.6","0.1","64.5","0.1","6.5","0.1","2765341","3603","68.7","0.2","64.6","0.2","4.9","0.1","1276417","2335","70.3","0.3","62.8","0.3","10.2","0.2","12891","988","68.1","2.7","59.9","2.9","10.2","2.2","243705","1400","70.5","0.6","66.9","0.6","4.5","0.4","2551","532","70.2","8.6","68.8","8.9","1.3","1.5","130837","3504","80.5","1.0","73.4","1.1","8.3","0.8","71320","2668","72.3","1.3","64.4","1.3","9.7","1.0","307155","437","78.9","0.5","72.0","0.6","7.7","0.5","2609243","1475","68.1","0.2","64.2","0.2","4.8","0.1","3494262","1174","81.9","0.1","76.4","0.2","5.9","0.1","1690530","822","86.0","0.2","79.5","0.2","6.2","0.2","1803732","705","78.1","0.2","73.5","0.2","5.5","0.1","283884","3662","72.6","0.6","66.7","0.6","7.4","0.4","(X)","(X)","(X)","-888888888.0","(X)","-888888888.0","(X)","(X)","(X)","(X)","(X)","(X)","(X)","-888888888.0","(X)","(X)","3112651","814","82.5","0.2","77.6","0.2","5.1","0.1","308172","4761","65.8","0.7","58.0","0.7","11.8","0.5","786346","6239","78.3","0.3","72.5","0.3","7.1","0.2","842171","6468","84.2","0.3","79.1","0.3","4.8","0.1","1175962","8425","88.4","0.2","85.1","0.2","2.7","0.1","4.1","(X)","(X)","-888888888","(X)","-888888888","(X)","-888888888",
"0400000US25","Massachusetts","5224911","1629","67.7","0.1","62.6","0.1","7.4","0.1","382851","2061","45.1","0.7","35.4","0.6","21.4","0.8","459682","1425","73.8","0.6","64.6","0.6","12.1","0.4","1758100","711","85.1","0.2","79.5","0.2","6.4","0.2","991038","483","84.5","0.2","79.7","0.3","5.6","0.2","756643","342","70.8","0.4","66.8","0.4","5.6","0.2","430413","369","29.4","0.5","27.7","0.4","5.9","0.4","446184","378","6.3","0.2","6.0","0.2","4.8","0.8","5139517","2877","67.7","0.1","62.6","0.1","7.3","0.1","4343878","4051","67.6","0.1","63.0","0.1","6.6","0.1","318871","2911","68.8","0.6","59.3","0.7","13.7","0.6","10152","793","65.4","3.6","54.6","3.8","16.5","3.6","267202","1294","68.2","0.6","63.2","0.6","7.1","0.5","1907","315","64.1","8.3","57.9","9.2","8.8","5.2","197507","4488","67.2","0.9","58.9","0.9","12.4","0.8","85394","2486","69.4","1.1","61.3","1.3","11.4","1.1","408976","658","66.4","0.5","58.1","0.6","12.4","0.4","4153263","2191","67.7","0.1","63.2","0.2","6.4","0.1","3965463","1544","81.0","0.2","75.4","0.2","6.7","0.1","1937932","610","85.2","0.2","78.6","0.2","7.5","0.2","2027531","1528","76.9","0.2","72.4","0.2","5.8","0.1","306160","3447","69.9","0.6","64.6","0.6","7.4","0.4","(X)","(X)","(X)","-888888888.0","(X)","-888888888.0","(X)","(X)","(X)","(X)","(X)","(X)","(X)","-888888888.0","(X)","(X)","3505781","723","81.9","0.2","76.8","0.2","6.0","0.1","309151","4941","60.6","0.7","53.2","0.7","12.1","0.6","859719","7796","78.9","0.3","72.1","0.4","8.5","0.2","870770","5739","83.3","0.3","77.6","0.3","6.6","0.2","1466141","8184","87.3","0.2","84.1","0.2","3.6","0.1","4.6","(X)","(X)","-888888888","(X)","-888888888","(X)","-888888888",
"0400000US26","Michigan","7836314","2157","63.1","0.1","55.8","0.1","11.5","0.1","611544","2880","45.0","0.4","31.4","0.4","30.1","0.6","662927","2024","76.7","0.4","63.2","0.4","17.4","0.3","2543705","1347","82.6","0.2","73.6","0.2","10.7","0.1","1518851","946","80.0","0.2","72.9","0.2","8.8","0.2","1182295","591","57.8","0.3","53.1","0.3","8.1","0.2","685746","553","19.5","0.3","18.1","0.3","7.3","0.4","631246","419","4.6","0.2","4.3","0.2","6.2","0.8","7726833","3291","63.1","0.1","55.8","0.1","11.4","0.1","6351565","2733","63.8","0.1","57.4","0.1","9.9","0.1","1049056","1974","57.7","0.4","45.2","0.4","21.6","0.4","41142","1190","61.2","1.4","50.9","1.5","16.7","1.4","185112","1063","65.2","0.8","60.4","0.8","7.4","0.5","2005","275","71.7","7.3","63.7","7.1","11.1","5.2","97953","2844","69.6","1.1","59.4","1.2","14.6","1.1","109481","2455","63.8","0.9","52.0","1.0","18.3","1.1","272919","541","68.6","0.6","58.1","0.6","15.1","0.6","6195148","1809","63.7","0.1","57.4","0.1","9.8","0.1","5907778","2035","76.3","0.1","68.2","0.2","10.5","0.1","2925189","1340","80.4","0.1","70.9","0.2","11.6","0.1","2982589","1300","72.3","0.2","65.4","0.2","9.4","0.1","467654","4657","69.5","0.5","61.1","0.5","12.0","0.4","(X)","(X)","(X)","-888888888.0","(X)","-888888888.0","(X)","(X)","(X)","(X)","(X)","(X)","(X)","-888888888.0","(X)","(X)","5244851","1114","76.2","0.1","68.8","0.2","9.7","0.1","483533","4779","55.0","0.4","43.3","0.5","21.3","0.6","1556085","9063","71.4","0.2","62.1","0.2","13.1","0.2","1788036","6983","79.3","0.2","71.8","0.2","9.3","0.1","1417197","9552","84.9","0.2","81.1","0.2","4.4","0.1","3.6","(X)","(X)","-888888888","(X)","-888888888","(X)","-888888888",
"0400000US27","Minnesota","4111966","1297","71.0","0.1","66.4","0.1","6.4","0.1","301424","1490","53.7","0.5","43.6","0.5","18.8","0.6","359543","980","82.9","0.5","74.1","0.6","10.4","0.4","1406663","1129","88.0","0.2","83.1","0.2","5.4","0.1","800896","708","87.5","0.2","83.3","0.2","4.8","0.1","585277","459","70.8","0.3","67.3","0.3","5.0","0.2","333857","419","26.3","0.4","25.3","0.4","3.9","0.3","324306","318","5.8","0.2","5.6","0.2","3.7","0.8","4061258","2039","71.0","0.1","66.5","0.1","6.3","0.1","3648481","2284","71.2","0.1","67.1","0.1","5.6","0.1","175706","1210","68.8","0.8","57.3","1.0","16.7","0.8","39360","936","60.4","1.6","49.3","1.7","18.3","1.6","146017","1012","70.4","0.8","64.7","0.8","8.0","0.6","1496","284","78.1","8.7","68.2","8.2","12.7","8.0","50198","1908","76.2","1.2","69.9","1.5","8.2","1.0","50708","1501","70.8","1.3","61.3","1.6","13.2","1.4","147623","374","75.2","0.7","68.5","0.9","8.9","0.7","3557859","1066","71.1","0.1","67.1","0.1","5.5","0.1","3152379","1027","84.1","0.1","79.2","0.2","5.7","0.1","1585228","791","87.7","0.2","81.8","0.2","6.5","0.1","1567151","692","80.5","0.2","76.6","0.2","4.8","0.1","272065","3067","75.4","0.5","70.9","0.5","6.0","0.3","(X)","(X)","(X)","-888888888.0","(X)","-888888888.0","(X)","(X)","(X)","(X)","(X)","(X)","(X)","-888888888.0","(X)","(X)","2792836","1142","84.3","0.1","79.9","0.1","5.1","0.1","175456","2745","67.0","0.7","58.3","0.8","13.0","0.7","706005","5557","80.3","0.3","74.8","0.3","6.8","0.2","960366","4469","86.1","0.2","81.5","0.2","5.2","0.1","951009","6323","88.6","0.2","85.9","0.2","2.9","0.1","3.0","(X)","(X)","-888888888","(X)","-888888888","(X)","-888888888",
"0400000US28","Mississippi","2274381","1499","59.8","0.2","53.5","0.2","9.6","0.2","183977","1965","38.0","0.8","25.3","0.8","32.2","1.5","213685","1416","68.8","0.8","54.1","0.9","19.1","0.9","763243","1599","78.5","0.3","70.9","0.4","8.6","0.3","414179","1044","74.4","0.6","69.8","0.6","5.8","0.3","329960","605","55.4","0.5","52.6","0.5","4.9","0.3","206020","510","20.9","0.6","20.1","0.6","3.9","0.6","163317","466","5.4","0.3","5.1","0.3","3.9","1.2","2258603","2027","59.8","0.2","53.5","0.2","9.6","0.2","1415979","1415","60.3","0.2","55.9","0.3","6.3","0.2","794950","1256","58.3","0.4","48.8","0.4","15.7","0.5","10104","763","63.7","3.4","56.2","3.5","10.8","2.8","20063","620","68.7","2.4","64.3","2.7","4.0","1.2","498","209","54.6","13.7","39.8","14.1","17.8","18.6","17009","1342","69.1","3.4","61.8","3.4","9.0","2.5","15778","1087","57.2","2.6","47.4","2.4","14.1","2.6","48621","637","68.5","1.7","60.6","1.7","8.5","1.4","1388669","912","60.1","0.2","55.7","0.3","6.3","0.2","1721067","1522","71.9","0.2","65.1","0.3","8.6","0.2","839450","1148","76.3","0.3","68.7","0.4","8.6","0.3","881617","1101","67.7","0.4","61.6","0.4","8.6","0.3","148979","2468","69.7","0.9","60.9","1.0","12.3","0.7","(X)","(X)","(X)","-888888888.0","(X)","-888888888.0","(X)","(X)","(X)","(X)","(X)","(X)","(X)","-888888888.0","(X)","(X)","1507382","1402","72.3","0.2","66.6","0.3","7.2","0.2","257429","4253","51.8","0.7","44.0","0.8","15.1","0.7","463106","4895","69.4","0.4","63.1","0.5","8.6","0.4","477197","4104","78.3","0.4","72.7","0.5","6.1","0.3","309650","4270","84.6","0.4","81.2","0.5","3.0","0.2","4.1","(X)","(X)","-888888888","(X)","-888888888","(X)","-888888888",
"0400000US29","Missouri","4664019","1670","65.2","0.1","59.9","0.1","7.4","0.1","345137","2215","48.7","0.6","37.3","0.5","21.8","0.5","412017","1083","77.8","0.5","67.2","0.6","11.7","0.4","1533074","1514","84.0","0.2","77.7","0.3","6.7","0.2","878806","1090","80.9","0.2","76.2","0.3","5.7","0.2","682261","689","63.1","0.3","60.1","0.3","4.7","0.2","429122","582","24.0","0.4","22.9","0.4","4.3","0.4","383602","531","5.7","0.2","5.5","0.2","3.7","0.8","4594437","2638","65.3","0.1","60.0","0.1","7.4","0.1","3956118","2715","65.3","0.1","60.8","0.2","6.3","0.1","501499","1617","64.2","0.6","53.3","0.6","16.3","0.5","18694","782","61.5","2.1","54.3","2.1","10.2","1.9","72817","753","67.7","1.1","64.2","1.2","4.4","0.7","3280","360","66.9","6.1","57.0","5.2","7.7","3.4","42029","1860","72.8","1.6","65.2","1.7","7.9","1.2","69582","1832","63.0","1.3","55.3","1.5","11.2","1.0","130239","591","72.8","0.9","64.7","1.0","8.9","0.7","3877482","1727","65.1","0.1","60.7","0.2","6.3","0.1","3506158","1642","78.4","0.1","72.7","0.2","6.7","0.1","1729737","1359","82.6","0.2","75.9","0.2","7.2","0.1","1776421","892","74.3","0.2","69.5","0.2","6.3","0.2","290993","3422","71.0","0.7","64.8","0.7","8.4","0.5","(X)","(X)","(X)","-888888888.0","(X)","-888888888.0","(X)","(X)","(X)","(X)","(X)","(X)","(X)","-888888888.0","(X)","(X)","3094141","1673","78.5","0.2","73.4","0.2","6.1","0.1","336893","4649","58.0","0.8","50.3","0.7","13.2","0.5","962269","6679","75.7","0.3","69.7","0.3","7.7","0.2","946372","5625","81.2","0.3","75.7","0.3","6.0","0.2","848607","5781","86.9","0.2","84.1","0.3","2.7","0.1","3.5","(X)","(X)","-888888888","(X)","-888888888","(X)","-888888888",
"0400000US30","Montana","778518","643","65.3","0.3","61.2","0.3","5.7","0.2","56076","1013","47.5","1.4","38.8","1.4","17.7","1.7","68318","660","78.0","1.3","68.3","1.4","10.1","1.0","232659","806","84.1","0.5","79.3","0.5","4.8","0.4","152361","510","82.4","0.7","78.9","0.7","4.1","0.4","129221","314","64.9","0.9","62.2","0.9","4.1","0.4","74844","277","25.0","0.9","24.2","0.9","3.3","0.7","65039","211","7.6","0.6","7.4","0.6","3.1","1.5","765823","1036","65.3","0.3","61.2","0.4","5.6","0.2","711471","753","65.5","0.3","61.9","0.4","4.9","0.2","2893","355","69.1","5.6","53.1","6.5","10.2","6.4","41240","612","59.9","1.5","48.4","1.5","19.2","1.5","5052","298","66.6","4.3","60.0","4.6","6.6","3.6","508","125","85.6","7.0","72.6","10.3","15.2","8.9","4659","500","75.6","4.6","70.2","4.9","3.9","2.6","12695","794","64.9","2.3","57.7","2.5","9.5","2.4","17751","249","66.8","2.5","59.6","2.6","8.1","1.7","700540","562","65.6","0.3","62.0","0.4","4.8","0.2","582559","770","78.7","0.4","74.1","0.4","5.1","0.2","294806","556","82.7","0.5","76.8","0.6","6.0","0.4","287753","567","74.5","0.5","71.3","0.6","4.1","0.3","45330","1231","67.7","1.7","63.6","1.7","5.8","0.9","(X)","(X)","(X)","-888888888.0","(X)","-888888888.0","(X)","(X)","(X)","(X)","(X)","(X)","(X)","-888888888.0","(X)","(X)","514241","748","78.8","0.4","74.8","0.4","4.5","0.2","35296","1378","60.6","1.9","54.4","2.0","10.3","1.2","151596","2451","75.8","0.7","71.5","0.8","5.5","0.5","174226","2211","79.7","0.7","75.3","0.7","4.6","0.4","153123","2277","84.8","0.6","82.4","0.7","2.5","0.3","3.5","(X)","(X)","-888888888","(X)","-888888888","(X)","-888888888",
"0400000US31","Nebraska","1397699","933","71.1","0.2","67.1","0.2","5.1","0.2","105109","916","56.3","0.8","47.5","1.0","15.5","1.0","131706","738","82.6","0.8","74.4","0.9","8.8","0.7","461760","820","87.4","0.3","82.6","0.4","4.5","0.3","259015","477","87.2","0.4","84.0","0.4","3.5","0.2","199323","371","74.2","0.6","71.9","0.6","3.1","0.3","118157","380","33.1","0.7","32.0","0.7","3.2","0.5","122629","252","7.8","0.4","7.6","0.4","2.0","0.7","1379078","1320","71.1","0.2","67.1","0.2","5.0","0.2","1256851","1638","71.2","0.2","67.6","0.2","4.4","0.1","56120","703","69.2","1.4","58.4","1.5","15.0","1.2","10495","598","61.3","2.7","49.4","3.1","18.6","3.4","22595","580","70.4","2.0","66.3","1.8","5.0","1.3","754","123","79.2","8.1","67.6","8.8","10.2","7.0","32263","1409","76.1","1.9","69.9","2.1","7.8","1.3","18621","990","71.8","2.3","62.3","2.3","12.3","2.0","94477","452","75.0","0.9","68.7","1.0","7.9","0.7","1199424","753","71.0","0.2","67.6","0.2","4.2","0.1","1051804","709","84.2","0.2","79.9","0.3","4.5","0.2","529559","636","88.3","0.3","83.2","0.3","4.7","0.3","522245","568","80.1","0.3","76.5","0.4","4.3","0.2","97088","1783","76.0","0.8","71.2","0.9","5.9","0.6","(X)","(X)","(X)","-888888888.0","(X)","-888888888.0","(X)","(X)","(X)","(X)","(X)","(X)","(X)","-888888888.0","(X)","(X)","920098","718","84.5","0.2","80.7","0.3","3.9","0.2","74970","1775","70.3","1.1","63.7","1.2","9.3","0.9","240997","2662","80.8","0.4","76.5","0.5","5.2","0.3","322413","3069","86.3","0.3","82.4","0.4","3.8","0.2","281718","3286","89.3","0.3","86.8","0.4","2.0","0.2","2.9","(X)","(X)","-888888888","(X)","-888888888","(X)","-888888888",
"0400000US32","Nevada","2050325","1093","67.7","0.3","61.2","0.3","9.0","0.2","141293","1234","42.7","0.8","32.1","0.8","24.6","1.3","175268","566","78.3","0.8","66.9","0.9","13.0","0.8","765549","642","83.8","0.3","76.6","0.3","7.7","0.3","365739","534","81.7","0.5","75.3","0.5","7.7","0.3","299437","325","64.2","0.7","59.4","0.7","7.5","0.4","182624","283","26.3","0.7","24.0","0.6","8.8","0.8","120415","284","7.5","0.5","6.8","0.5","9.4","2.0","2000164","2265","67.6","0.3","61.2","0.3","8.9","0.2","1543087","3998","67.2","0.3","61.0","0.3","8.5","0.2","155950","1109","66.2","1.0","56.5","1.0","13.7","1.1","21857","927","64.2","1.7","54.2","1.9","15.3","1.8","152003","1174","69.6","0.9","64.6","0.9","6.8","0.6","11847","564","70.7","3.2","63.5","3.7","9.3","3.0","115420","3673","73.0","1.0","66.4","1.1","8.8","0.9","50161","2063","69.8","1.3","60.6","1.6","12.3","1.5","449535","681","73.0","0.5","65.6","0.6","9.8","0.4","1227971","801","65.7","0.3","59.9","0.4","8.1","0.3","1605993","767","79.1","0.3","72.0","0.3","8.2","0.2","816421","497","85.3","0.3","77.1","0.4","8.6","0.3","789572","618","72.6","0.4","66.8","0.5","7.8","0.3","133902","2399","63.4","1.0","58.2","1.0","8.0","0.7","(X)","(X)","(X)","-888888888.0","(X)","-888888888.0","(X)","(X)","(X)","(X)","(X)","(X)","(X)","-888888888.0","(X)","(X)","1430725","591","79.2","0.3","72.7","0.3","7.7","0.2","215970","3418","71.1","0.8","62.8","0.9","11.7","0.6","413828","4888","77.3","0.5","70.2","0.6","9.0","0.4","482045","4894","80.9","0.4","74.2","0.5","7.4","0.3","318882","4275","84.4","0.5","80.2","0.6","4.2","0.3","3.5","(X)","(X)","-888888888","(X)","-888888888","(X)","-888888888",
"0400000US33","New Hampshire","1056843","759","70.0","0.3","65.8","0.3","5.9","0.2","78250","914","50.0","1.3","40.7","1.1","18.7","1.4","83194","642","78.6","1.1","70.5","1.3","9.9","0.9","336168","760","86.4","0.4","81.9","0.5","4.9","0.3","222165","410","86.9","0.5","83.0","0.5","4.3","0.3","166735","258","72.5","0.6","69.0","0.7","4.7","0.4","90530","229","29.0","0.8","27.8","0.7","4.3","0.8","79801","172","6.1","0.5","5.8","0.5","4.3","1.7","1047454","960","70.0","0.3","65.8","0.3","5.8","0.2","1007062","1119","69.9","0.3","65.8","0.3","5.7","0.2","10199","408","74.9","2.7","67.8","2.6","9.2","2.4","2378","320","69.5","6.1","68.1","6.0","1.9","1.5","20734","394","71.3","2.0","66.0","2.4","7.4","1.8","238","97","73.1","16.7","66.4","16.4","9.2","10.7","6843","884","76.4","3.7","67.9","3.8","10.7","4.0","9389","599","70.5","2.9","63.6","3.3","9.4","2.6","23261","194","70.1","2.1","62.2","2.2","11.1","1.8","991159","797","69.9","0.3","65.9","0.3","5.6","0.2","808262","569","82.8","0.3","78.4","0.3","5.2","0.2","402431","403","87.6","0.3","82.7","0.4","5.3","0.2","405831","503","78.1","0.4","74.1","0.4","5.0","0.3","58105","1422","69.7","1.4","66.2","1.5","4.9","1.0","(X)","(X)","(X)","-888888888.0","(X)","-888888888.0","(X)","(X)","(X)","(X)","(X)","(X)","(X)","-888888888.0","(X)","(X)","725068","577","83.3","0.3","79.3","0.3","4.7","0.1","49923","1631","64.7","1.6","58.0","1.7","10.3","1.3","205059","2870","81.1","0.5","76.2","0.6","6.0","0.4","216752","2564","84.9","0.5","80.7","0.5","4.8","0.3","253334","2944","87.4","0.4","84.9","0.5","2.7","0.2","3.2","(X)","(X)","-888888888","(X)","-888888888","(X)","-888888888",
"0400000US34","New Jersey","6893087","1833","66.7","0.1","61.4","0.1","7.8","0.1","477310","1878","38.0","0.5","29.1","0.4","23.3","0.7","526258","803","72.9","0.6","62.8","0.6","13.5","0.5","2392901","702","83.8","0.2","77.8","0.2","6.9","0.1","1348576","479","84.0","0.2","78.8","0.3","6.1","0.2","992471","327","69.3","0.3","65.1","0.3","6.1","0.2","584648","382","28.8","0.3","26.8","0.3","7.0","0.4","570923","378","6.4","0.2","5.9","0.2","7.1","0.7","6790735","4203","66.6","0.1","61.4","0.1","7.7","0.1","4904292","6035","66.1","0.1","61.4","0.2","6.9","0.1","899493","2944","65.4","0.4","56.7","0.4","13.0","0.3","15485","1037","66.0","3.0","57.8","3.2","12.2","2.3","544620","1630","69.0","0.4","65.1","0.3","5.6","0.3","2003","473","84.3","7.8","75.8","8.3","10.0","5.2","424842","6558","72.1","0.5","65.7","0.5","8.7","0.5","102352","3573","70.7","1.2","62.0","1.3","12.0","1.0","1079053","840","70.9","0.3","64.4","0.3","9.1","0.3","4315233","1745","65.5","0.1","61.1","0.2","6.6","0.1","5260206","858","80.0","0.1","74.2","0.2","7.1","0.1","2585266","566","85.9","0.2","79.5","0.2","7.1","0.1","2674940","609","74.4","0.2","69.0","0.2","7.1","0.1","433099","4787","66.0","0.5","60.2","0.6","8.7","0.4","(X)","(X)","(X)","-888888888.0","(X)","-888888888.0","(X)","(X)","(X)","(X)","(X)","(X)","(X)","-888888888.0","(X)","(X)","4733948","555","80.8","0.1","75.4","0.2","6.5","0.1","469522","5728","64.9","0.5","57.3","0.5","11.6","0.5","1315631","9188","77.3","0.3","70.8","0.3","8.3","0.2","1157947","6627","83.2","0.2","77.0","0.3","7.1","0.2","1790848","10418","86.1","0.2","82.5","0.2","4.0","0.1","4.2","(X)","(X)","-888888888","(X)","-888888888","(X)","-888888888",
"0400000US35","New Mexico","1561181","972","61.9","0.2","56.9","0.3","7.2","0.2","121304","1160","40.1","1.1","31.5","1.0","21.1","1.5","143250","1137","73.4","0.8","62.3","1.0","13.1","0.8","510715","1190","79.1","0.5","72.9","0.6","6.6","0.3","287681","595","78.1","0.5","74.2","0.6","4.8","0.3","239843","423","60.2","0.6","57.4","0.7","4.6","0.4","144639","341","22.5","0.7","21.6","0.7","4.1","0.8","113749","319","6.2","0.5","5.8","0.4","5.7","1.6","1525709","1627","61.9","0.3","57.0","0.3","7.2","0.2","1143491","4234","61.8","0.3","57.3","0.3","6.5","0.2","30075","699","63.2","2.3","55.0","2.0","8.9","1.7","136260","1387","54.5","0.9","48.0","1.1","11.8","1.0","22153","428","69.0","2.4","63.7","2.7","6.2","1.6","835","193","66.9","11.4","61.0","11.4","3.0","4.5","192895","4003","66.5","0.8","60.9","0.8","8.1","0.7","35472","1507","62.0","1.7","55.1","1.9","10.1","1.6","655081","792","63.6","0.4","58.1","0.5","8.3","0.4","710171","815","61.4","0.4","57.3","0.4","5.4","0.2","1181489","1071","74.3","0.3","68.8","0.3","6.6","0.2","584864","874","79.5","0.4","73.0","0.4","6.8","0.3","596625","709","69.2","0.4","64.7","0.4","6.3","0.3","98307","1915","63.6","1.1","57.2","1.2","9.7","0.9","(X)","(X)","(X)","-888888888.0","(X)","-888888888.0","(X)","(X)","(X)","(X)","(X)","(X)","(X)","-888888888.0","(X)","(X)","1038239","1125","74.5","0.3","69.7","0.4","5.7","0.2","157855","2869","59.9","0.9","53.7","0.9","10.3","0.8","277801","3736","70.7","0.7","65.8","0.8","6.6","0.4","333631","3952","77.0","0.6","71.8","0.6","5.7","0.3","268952","3290","83.7","0.5","80.4","0.6","3.0","0.3","4.0","(X)","(X)","-888888888","(X)","-888888888","(X)","-888888888",
"0400000US36","New York","15394140","3049","63.7","0.1","58.8","0.1","7.5","0.1","1113417","3290","34.4","0.3","26.1","0.3","23.7","0.4","1366287","1719","68.9","0.3","58.6","0.3","14.1","0.3","5332462","1396","82.2","0.1","76.4","0.1","6.7","0.1","2836565","809","81.1","0.2","76.7","0.2","5.4","0.1","2190081","516","64.1","0.2","60.7","0.2","5.3","0.1","1305079","615","24.6","0.2","23.2","0.2","5.5","0.2","1250249","621","6.0","0.1","5.7","0.1","5.4","0.5","15149547","5452","63.7","0.1","58.8","0.1","7.4","0.1","10439749","10442","63.9","0.1","59.8","0.1","6.2","0.1","2314896","5349","61.6","0.2","54.2","0.2","11.9","0.2","52024","1676","61.5","1.5","53.3","1.7","13.0","1.5","1135615","2815","64.5","0.3","59.9","0.3","7.0","0.2","4260","603","69.1","5.7","57.1","6.8","8.3","4.2","1203003","11713","65.2","0.3","58.4","0.4","10.4","0.3","244593","5134","63.7","0.7","55.7","0.8","12.0","0.6","2447790","1371","64.5","0.2","57.9","0.2","10.0","0.2","9386242","2438","63.9","0.1","59.9","0.1","5.9","0.1","11725395","1433","77.0","0.1","71.5","0.1","6.9","0.1","5717304","1117","82.1","0.1","75.8","0.1","7.3","0.1","6008091","934","72.2","0.1","67.4","0.1","6.6","0.1","903871","7093","64.4","0.4","58.9","0.4","8.4","0.2","(X)","(X)","(X)","-888888888.0","(X)","-888888888.0","(X)","(X)","(X)","(X)","(X)","(X)","(X)","-888888888.0","(X)","(X)","10359108","1631","78.1","0.1","73.2","0.1","6.1","0.1","1339550","9815","60.0","0.3","53.1","0.3","11.5","0.3","2737006","15396","73.7","0.2","68.4","0.2","7.1","0.2","2681079","11020","80.8","0.2","75.5","0.2","6.3","0.1","3601473","16508","86.1","0.1","82.5","0.1","3.9","0.1","4.9","(X)","(X)","-888888888","(X)","-888888888","(X)","-888888888",
"0400000US37","North Carolina","7287107","1772","64.9","0.1","58.1","0.1","8.8","0.1","525554","2518","42.0","0.6","30.2","0.5","26.2","0.8","639942","1906","76.0","0.5","60.2","0.5","15.0","0.5","2556323","1882","83.3","0.2","75.3","0.2","7.8","0.1","1328830","1325","79.9","0.2","74.4","0.2","6.6","0.2","1068686","851","61.1","0.3","57.4","0.3","6.0","0.2","650646","949","22.4","0.4","21.1","0.4","5.6","0.4","517126","712","5.4","0.2","5.2","0.2","4.0","0.7","7197312","3103","64.8","0.1","58.2","0.1","8.7","0.1","5222966","4880","64.7","0.1","58.9","0.1","7.2","0.1","1505308","2771","63.8","0.3","54.1","0.3","14.0","0.3","79077","1350","56.8","1.5","49.6","1.4","11.2","1.1","148909","1156","67.3","0.8","61.9","0.9","6.6","0.6","3797","506","79.4","4.6","64.1","4.9","5.4","3.6","237255","5243","76.2","0.7","67.7","0.7","9.1","0.5","89795","2630","65.4","1.1","53.5","1.2","14.0","1.0","468838","849","74.7","0.5","65.2","0.5","10.3","0.4","5013637","1783","64.3","0.1","58.7","0.1","7.0","0.1","5593781","1986","77.4","0.1","69.9","0.1","8.0","0.1","2743373","1530","82.9","0.2","73.8","0.2","8.1","0.1","2850408","1667","72.2","0.2","66.2","0.2","7.9","0.2","472613","5362","68.0","0.5","60.0","0.6","11.2","0.4","(X)","(X)","(X)","-888888888.0","(X)","-888888888.0","(X)","(X)","(X)","(X)","(X)","(X)","(X)","-888888888.0","(X)","(X)","4953839","1778","77.6","0.1","71.2","0.1","7.2","0.1","674441","7959","61.0","0.5","52.8","0.4","13.5","0.4","1354597","9447","74.8","0.2","67.4","0.3","9.1","0.2","1544777","9477","80.4","0.2","73.2","0.3","7.0","0.2","1380024","10938","85.4","0.2","81.5","0.2","3.5","0.1","3.7","(X)","(X)","-888888888","(X)","-888888888","(X)","-888888888",
"0400000US38","North Dakota","529990","457","70.0","0.3","66.4","0.3","3.6","0.2","40579","532","52.5","1.4","45.7","1.3","11.7","1.6","60078","501","82.8","1.0","73.9","1.0","6.7","0.8","160585","554","88.7","0.4","84.2","0.5","3.0","0.3","97132","354","87.8","0.5","85.6","0.5","2.3","0.3","75606","253","72.5","0.8","71.1","0.9","1.8","0.3","45490","168","30.6","1.1","30.0","1.1","2.1","0.5","50520","161","6.8","0.5","6.7","0.5","1.5","0.9","525104","625","70.0","0.3","66.5","0.3","3.6","0.2","488028","538","70.5","0.3","67.4","0.3","3.0","0.2","5076","281","76.2","4.3","56.8","5.2","11.8","5.2","23581","481","58.0","1.9","49.5","2.2","14.0","1.8","5202","349","65.0","6.3","61.7","5.9","3.0","2.1","372","180","89.8","9.3","72.6","19.2","4.9","3.3","2845","356","74.9","6.6","63.4","6.8","9.8","4.9","4886","434","68.5","4.9","62.0","4.9","7.7","3.5","8462","233","73.2","3.7","62.7","3.9","7.6","2.5","483190","419","70.5","0.3","67.5","0.3","3.0","0.2","393401","505","84.5","0.3","80.4","0.4","3.2","0.2","203451","486","87.6","0.4","82.3","0.6","3.5","0.3","189950","396","81.1","0.5","78.5","0.6","2.8","0.3","31786","920","77.1","1.3","73.1","1.5","4.5","1.0","(X)","(X)","(X)","-888888888.0","(X)","-888888888.0","(X)","(X)","(X)","(X)","(X)","(X)","(X)","-888888888.0","(X)","(X)","333323","512","84.8","0.3","81.6","0.4","2.6","0.2","17630","828","65.6","1.9","61.1","2.1","6.8","1.2","87830","1509","81.3","0.7","78.0","0.8","3.5","0.4","127899","1547","86.4","0.6","83.0","0.7","2.4","0.3","99964","1570","89.1","0.5","86.7","0.6","1.4","0.3","2.7","(X)","(X)","-888888888","(X)","-888888888","(X)","-888888888",
"0400000US39","Ohio","9079315","2120","64.9","0.1","59.1","0.1","8.6","0.1","669425","2427","47.4","0.4","35.3","0.4","25.4","0.6","753896","1210","77.5","0.4","66.0","0.4","14.4","0.3","2961665","1475","83.5","0.2","76.6","0.2","8.0","0.1","1745227","1075","81.4","0.2","76.3","0.2","6.2","0.1","1364403","828","63.4","0.3","59.8","0.3","5.7","0.2","816342","664","23.4","0.3","22.4","0.3","4.5","0.3","768357","596","5.3","0.1","5.1","0.1","3.7","0.6","8975337","2898","64.9","0.1","59.2","0.1","8.6","0.1","7709397","2865","65.2","0.1","60.2","0.1","7.5","0.1","1032950","1804","61.7","0.3","50.9","0.3","17.3","0.4","18369","946","62.2","2.4","52.5","2.8","15.3","2.8","145990","1109","68.0","0.8","64.5","0.8","4.9","0.5","1694","375","62.6","10.4","56.9","11.0","7.7","5.1","66937","2004","71.2","1.3","62.7","1.3","11.3","1.1","103978","2602","63.7","1.1","53.5","1.1","15.7","1.0","216836","627","69.1","0.7","60.7","0.7","11.7","0.6","7575760","1713","65.1","0.1","60.2","0.1","7.4","0.1","6825191","1653","78.3","0.1","72.0","0.1","7.8","0.1","3366677","1335","82.6","0.2","75.3","0.2","8.6","0.1","3458514","976","74.0","0.2","68.7","0.2","7.0","0.1","546358","4871","70.6","0.4","63.9","0.4","9.5","0.3","(X)","(X)","(X)","-888888888.0","(X)","-888888888.0","(X)","(X)","(X)","(X)","(X)","(X)","(X)","-888888888.0","(X)","(X)","6071295","1325","78.4","0.1","72.7","0.1","7.0","0.1","584287","7032","54.8","0.4","45.5","0.5","17.1","0.4","2074068","10965","75.4","0.2","68.9","0.2","8.6","0.2","1810699","7846","81.8","0.2","76.1","0.2","6.8","0.1","1602241","11181","86.8","0.2","83.8","0.2","3.1","0.1","3.5","(X)","(X)","-888888888","(X)","-888888888","(X)","-888888888",
"0400000US40","Oklahoma","2866572","1387","63.0","0.2","58.4","0.2","6.2","0.1","214973","1642","47.5","0.8","37.7","0.8","18.9","0.8","270780","1212","74.7","0.6","65.1","0.7","10.2","0.6","950994","1526","80.0","0.2","74.2","0.3","5.8","0.2","520656","852","77.9","0.4","74.4","0.4","4.2","0.2","417747","571","61.3","0.5","59.1","0.4","3.6","0.2","268716","471","24.4","0.5","23.6","0.4","3.1","0.4","222706","439","6.5","0.3","6.4","0.3","1.5","0.5","2704109","2948","63.1","0.2","58.6","0.2","6.0","0.1","2203950","2452","62.9","0.2","58.9","0.2","5.2","0.1","198942","1412","62.0","0.7","53.6","0.8","11.5","0.7","183811","2014","62.4","0.8","56.1","0.8","9.7","0.6","48917","715","68.2","1.5","64.1","1.6","4.3","0.8","2979","347","70.2","6.3","58.5","9.1","12.6","8.9","65510","2006","70.1","1.4","64.6","1.4","6.9","0.9","162463","2549","62.3","0.8","55.9","0.8","9.4","0.7","192321","581","70.6","0.7","65.0","0.7","6.5","0.4","2098818","1113","62.5","0.2","58.6","0.2","5.2","0.1","2160177","1038","75.2","0.2","70.2","0.2","5.6","0.1","1078721","792","80.9","0.2","74.9","0.3","5.6","0.2","1081456","850","69.5","0.3","65.5","0.3","5.6","0.2","190327","2603","64.5","0.7","59.3","0.7","7.6","0.5","(X)","(X)","(X)","-888888888.0","(X)","-888888888.0","(X)","(X)","(X)","(X)","(X)","(X)","(X)","-888888888.0","(X)","(X)","1889397","1305","75.3","0.2","70.9","0.2","4.9","0.1","234961","3139","57.1","0.7","51.5","0.7","9.8","0.5","597532","4962","71.9","0.3","67.4","0.4","5.8","0.2","603480","4408","78.3","0.4","73.4","0.4","4.9","0.2","453424","4825","85.2","0.3","82.2","0.4","2.3","0.1","3.3","(X)","(X)","-888888888","(X)","-888888888","(X)","-888888888",
"0400000US41","Oregon","3000732","1277","64.5","0.2","58.8","0.2","8.7","0.1","205598","1443","44.3","0.8","33.5","0.8","24.3","1.0","251983","869","76.1","0.7","65.5","0.8","13.6","0.7","1012183","980","83.1","0.2","76.3","0.3","7.9","0.2","546310","738","81.1","0.4","75.6","0.4","6.8","0.3","476893","513","63.0","0.5","58.9","0.5","6.5","0.3","267055","507","21.3","0.5","19.8","0.5","7.0","0.6","240710","422","4.6","0.3","4.4","0.3","3.4","1.1","2923321","2061","64.5","0.2","58.8","0.2","8.6","0.1","2622162","3572","64.0","0.2","58.5","0.2","8.4","0.2","49771","884","63.7","1.6","54.0","1.8","14.9","1.7","43419","1773","66.3","1.6","57.3","1.7","13.6","1.5","107933","979","66.9","1.0","62.5","1.1","6.5","0.7","8886","468","71.9","3.9","59.7","3.8","17.0","3.3","91150","3360","74.6","1.2","67.1","1.3","9.9","0.9","77411","1925","64.6","1.2","56.2","1.2","12.9","1.2","266974","425","73.5","0.6","66.0","0.7","10.1","0.5","2473057","1153","63.4","0.2","58.1","0.2","8.3","0.2","2287369","1005","77.7","0.2","71.3","0.2","8.0","0.2","1143178","685","82.7","0.3","75.3","0.3","8.8","0.2","1144191","728","72.6","0.3","67.4","0.3","7.1","0.2","177968","2804","64.1","0.7","58.7","0.7","8.3","0.6","(X)","(X)","(X)","-888888888.0","(X)","-888888888.0","(X)","(X)","(X)","(X)","(X)","(X)","(X)","-888888888.0","(X)","(X)","2035386","1016","77.8","0.2","72.0","0.3","7.3","0.2","210526","3660","67.9","0.7","59.7","0.8","12.1","0.7","484167","4649","74.3","0.4","67.3","0.5","9.4","0.4","727261","4833","78.2","0.3","72.0","0.4","7.7","0.3","613432","5989","83.6","0.3","80.0","0.3","4.2","0.2","3.2","(X)","(X)","-888888888","(X)","-888888888","(X)","-888888888",
"0400000US42","Pennsylvania","10147657","2264","63.2","0.1","58.5","0.1","7.3","0.1","745237","2130","43.3","0.4","33.4","0.4","22.8","0.5","843727","1536","73.0","0.5","63.2","0.4","13.2","0.3","3173618","1021","82.7","0.2","77.2","0.2","6.5","0.1","1932353","934","81.8","0.2","77.5","0.2","5.2","0.1","1525865","494","64.9","0.2","61.8","0.2","4.7","0.1","941515","511","24.5","0.2","23.3","0.3","4.8","0.3","985342","512","5.4","0.1","5.2","0.1","4.7","0.5","10047731","3738","63.2","0.1","58.6","0.1","7.2","0.1","8581701","3970","63.8","0.1","59.7","0.1","6.3","0.1","1011618","2488","58.2","0.4","49.4","0.4","14.9","0.4","14359","716","58.2","2.8","50.9","2.7","12.3","2.6","260563","1098","65.3","0.8","60.9","0.8","6.7","0.4","2382","332","68.2","6.6","57.9","7.1","15.2","6.0","177108","3803","62.9","0.9","53.9","1.0","14.1","1.0","99926","2697","63.4","1.1","54.3","1.2","14.2","1.2","441278","749","63.3","0.6","55.1","0.6","12.8","0.6","8351486","2150","63.8","0.1","59.8","0.1","6.1","0.1","7475563","1428","77.7","0.1","72.5","0.1","6.6","0.1","3697602","1263","82.3","0.1","76.4","0.2","7.0","0.1","3777961","1210","73.3","0.2","68.8","0.2","6.1","0.1","556444","4692","68.2","0.5","62.3","0.5","8.7","0.4","(X)","(X)","(X)","-888888888.0","(X)","-888888888.0","(X)","(X)","(X)","(X)","(X)","(X)","(X)","-888888888.0","(X)","(X)","6631836","1281","78.3","0.1","73.7","0.1","5.8","0.1","600597","6144","54.6","0.4","47.7","0.4","12.6","0.4","2378270","11788","75.3","0.2","69.9","0.2","7.1","0.1","1700059","7839","81.8","0.2","76.9","0.2","5.7","0.1","1952910","11846","86.4","0.2","83.5","0.2","3.1","0.1","4.2","(X)","(X)","-888888888","(X)","-888888888","(X)","-888888888",
"0400000US44","Rhode Island","855547","816","66.0","0.3","60.3","0.3","8.0","0.3","66832","849","46.2","1.4","36.3","1.4","21.1","2.1","80117","389","75.6","1.2","64.8","1.3","13.2","1.2","274552","582","84.6","0.5","78.0","0.6","6.6","0.5","160874","353","82.8","0.6","77.5","0.7","6.2","0.5","123212","244","68.7","0.9","64.1","1.0","6.6","0.6","70663","229","27.0","1.2","25.5","1.1","5.5","0.9","79297","172","5.3","0.5","5.1","0.4","5.4","1.9","841585","1176","66.0","0.3","60.4","0.3","7.8","0.3","720440","1835","65.8","0.4","60.7","0.4","7.1","0.3","45882","1069","66.7","1.6","58.1","1.8","11.7","1.6","3193","387","59.2","6.5","48.0","5.9","18.2","6.0","24177","427","63.2","2.6","57.4","2.7","8.4","1.9","239","123","83.3","16.1","64.4","24.7","11.0","17.6","47654","1764","69.8","1.7","59.6","1.7","14.3","1.6","13962","916","65.7","3.0","55.1","3.4","15.7","3.9","84863","287","69.0","1.3","59.1","1.3","13.8","1.2","687394","1005","65.7","0.4","60.7","0.4","6.9","0.3","638755","347","79.9","0.4","73.5","0.4","7.3","0.3","312816","222","83.6","0.5","76.0","0.5","8.0","0.4","325939","295","76.4","0.5","71.2","0.5","6.6","0.4","47113","1478","73.8","1.5","68.2","1.6","7.2","1.1","(X)","(X)","(X)","-888888888.0","(X)","-888888888.0","(X)","(X)","(X)","(X)","(X)","(X)","(X)","-888888888.0","(X)","(X)","558638","437","80.6","0.4","74.8","0.4","6.5","0.3","70007","2017","62.3","1.5","53.7","1.6","13.8","1.4","149878","2375","77.7","0.7","71.0","0.8","8.4","0.6","153646","2676","83.2","0.6","77.6","0.7","6.1","0.5","185107","3258","87.6","0.6","83.6","0.6","3.4","0.3","4.6","(X)","(X)","-888888888","(X)","-888888888","(X)","-888888888",
"0400000US45","South Carolina","3567959","1666","62.9","0.2","56.1","0.2","9.3","0.1","266213","1871","42.0","0.7","29.2","0.8","25.5","1.2","320364","1145","74.5","0.7","59.6","0.8","16.1","0.6","1191803","1211","82.1","0.3","73.9","0.3","8.5","0.2","645248","829","78.1","0.4","72.5","0.4","6.9","0.3","548895","431","58.7","0.4","55.1","0.5","6.0","0.3","342658","595","21.8","0.4","20.4","0.4","6.6","0.6","252778","436","5.5","0.3","5.2","0.3","4.7","1.3","3534353","2362","62.9","0.2","56.1","0.2","9.2","0.1","2467650","2655","63.1","0.2","57.6","0.2","7.1","0.2","961892","1688","61.2","0.4","51.5","0.4","14.8","0.4","11381","633","63.1","3.0","50.7","3.2","16.5","3.8","43110","613","70.5","1.6","63.8","1.8","6.2","1.1","1661","366","83.6","6.5","69.4","8.6","4.4","4.4","48659","2207","75.7","1.7","67.2","2.0","8.8","1.4","33606","1677","65.1","1.8","53.2","2.1","13.5","1.8","142365","488","74.3","0.7","64.1","1.0","10.2","1.0","2380639","1320","62.7","0.2","57.4","0.2","7.0","0.2","2706310","1157","75.5","0.2","68.1","0.2","8.5","0.2","1322728","946","80.3","0.2","71.8","0.3","8.5","0.2","1383582","922","70.9","0.3","64.5","0.3","8.6","0.2","219199","3275","69.9","0.8","61.1","0.8","12.2","0.7","(X)","(X)","(X)","-888888888.0","(X)","-888888888.0","(X)","(X)","(X)","(X)","(X)","(X)","(X)","-888888888.0","(X)","(X)","2385946","1091","75.6","0.2","69.2","0.2","7.6","0.2","334749","4944","55.9","0.6","46.6","0.5","16.6","0.6","744790","6059","73.2","0.4","66.1","0.4","9.2","0.3","707631","5721","79.9","0.3","73.1","0.4","6.8","0.2","598776","5836","84.7","0.3","80.9","0.3","3.4","0.2","4.6","(X)","(X)","-888888888","(X)","-888888888","(X)","-888888888",
"0400000US46","South Dakota","623566","595","69.5","0.3","65.8","0.3","4.7","0.2","47617","693","54.6","1.6","45.8","1.7","15.6","1.5","57664","707","80.4","1.4","72.4","1.6","7.9","1.0","196088","713","86.9","0.5","82.3","0.5","4.2","0.4","117665","452","86.8","0.6","83.9","0.6","3.2","0.3","90487","272","72.6","0.8","70.6","0.8","2.8","0.5","54959","232","33.0","1.3","32.3","1.3","1.9","0.7","59086","296","8.2","0.6","8.1","0.6","1.1","0.7","616138","850","69.6","0.3","65.9","0.3","4.6","0.2","555457","817","70.4","0.3","67.7","0.4","3.1","0.2","6190","460","70.3","5.1","56.7","5.3","15.5","4.2","43861","841","58.3","1.4","43.8","1.4","24.7","1.9","5591","504","73.1","3.6","64.3","4.3","11.0","4.4","171","95","77.8","21.0","75.4","22.3","3.0","6.9","4868","520","73.0","3.4","66.0","3.9","6.3","2.8","7428","655","67.7","3.5","59.0","3.7","10.3","3.1","12517","319","72.1","2.4","65.4","2.4","7.3","1.9","549456","603","70.3","0.4","67.7","0.4","3.1","0.2","461904","784","83.3","0.4","79.2","0.4","4.1","0.2","235279","651","85.8","0.5","80.7","0.5","4.6","0.3","226625","544","80.7","0.5","77.6","0.5","3.6","0.3","41660","1107","79.0","1.3","74.6","1.4","5.3","1.0","(X)","(X)","(X)","-888888888.0","(X)","-888888888.0","(X)","(X)","(X)","(X)","(X)","(X)","(X)","-888888888.0","(X)","(X)","404240","761","83.7","0.4","80.2","0.4","3.6","0.2","30108","1440","61.6","2.2","54.5","2.4","11.3","1.8","125409","2054","82.0","0.6","78.1","0.7","4.7","0.4","136312","2219","85.8","0.5","82.2","0.6","3.2","0.3","112411","1939","88.9","0.6","86.9","0.6","1.5","0.3","3.0","(X)","(X)","-888888888","(X)","-888888888","(X)","-888888888",
"0400000US47","Tennessee","4919958","2074","63.0","0.2","57.2","0.2","8.6","0.1","347966","2044","42.5","0.8","32.0","0.7","24.6","0.9","415860","1078","75.1","0.5","63.1","0.5","15.0","0.5","1690649","1606","81.2","0.2","74.2","0.3","7.9","0.2","908825","1122","77.4","0.3","72.2","0.4","6.4","0.3","741908","670","59.4","0.4","56.3","0.4","5.3","0.2","458162","705","21.9","0.4","20.7","0.4","5.4","0.5","356588","558","5.7","0.3","5.5","0.2","4.5","0.9","4869695","2596","63.0","0.2","57.3","0.2","8.6","0.1","3958632","2968","62.4","0.2","57.5","0.2","7.4","0.1","770207","1869","64.4","0.4","54.5","0.4","14.9","0.4","12330","761","60.7","2.8","53.2","3.1","10.2","2.5","67533","767","68.7","1.3","65.2","1.3","4.7","0.8","2120","546","80.3","7.5","65.2","10.0","11.7","6.9","58873","2690","75.7","1.5","68.7","1.6","8.7","1.5","50263","1607","60.8","1.5","52.8","1.6","12.6","1.4","173085","566","73.4","0.8","66.5","0.9","8.6","0.8","3852233","1606","62.2","0.2","57.3","0.2","7.3","0.1","3757242","1290","75.3","0.2","69.0","0.2","7.9","0.1","1843867","846","81.0","0.2","73.9","0.2","7.9","0.2","1913375","1115","69.8","0.2","64.2","0.3","7.9","0.2","309373","3153","66.4","0.6","59.0","0.6","10.9","0.5","(X)","(X)","(X)","-888888888.0","(X)","-888888888.0","(X)","(X)","(X)","(X)","(X)","(X)","(X)","-888888888.0","(X)","(X)","3341382","1417","75.3","0.2","69.7","0.2","7.0","0.1","465469","5686","54.2","0.5","46.4","0.5","14.5","0.5","1114861","6644","72.8","0.3","66.1","0.3","8.9","0.2","942431","6431","79.9","0.3","74.3","0.3","6.2","0.2","818621","7950","85.6","0.3","82.5","0.3","3.1","0.2","3.7","(X)","(X)","-888888888","(X)","-888888888","(X)","-888888888",
"0400000US48","Texas","18380464","3876","65.6","0.1","60.5","0.1","7.0","0.1","1479164","4518","39.6","0.3","30.2","0.3","22.8","0.4","1784929","2981","73.4","0.3","63.1","0.3","12.0","0.2","6923552","2748","80.7","0.1","74.9","0.1","6.1","0.1","3322901","2153","79.7","0.2","75.8","0.2","4.7","0.1","2403276","1110","63.1","0.2","60.2","0.2","4.6","0.1","1374422","1055","25.6","0.3","24.5","0.3","4.4","0.2","1092220","940","6.2","0.2","5.9","0.2","3.9","0.5","18105314","6470","65.6","0.1","60.6","0.1","7.0","0.1","13472497","16786","65.3","0.1","60.9","0.1","6.1","0.1","2132573","3241","64.9","0.2","56.5","0.2","11.8","0.2","92559","2334","65.5","1.2","58.5","1.3","9.9","1.1","704439","1986","67.1","0.4","62.8","0.4","5.8","0.2","14201","694","72.1","2.8","60.9","2.9","9.2","2.3","1689045","15100","68.2","0.3","62.4","0.3","8.1","0.2","275150","5358","66.4","0.7","58.9","0.7","9.7","0.5","6100660","2912","66.6","0.1","61.0","0.1","7.9","0.1","9224165","2609","65.1","0.1","61.0","0.1","5.3","0.1","14434658","2595","76.6","0.1","71.2","0.1","6.3","0.1","7196302","1989","83.9","0.1","77.8","0.1","6.0","0.1","7238356","2148","69.4","0.1","64.6","0.1","6.6","0.1","1405183","8928","61.6","0.3","56.0","0.3","8.7","0.2","(X)","(X)","(X)","-888888888.0","(X)","-888888888.0","(X)","(X)","(X)","(X)","(X)","(X)","(X)","-888888888.0","(X)","(X)","12649729","2670","77.1","0.1","72.3","0.1","5.5","0.1","2308604","11930","64.0","0.2","58.6","0.3","8.5","0.2","3225196","17868","73.8","0.2","68.4","0.2","6.9","0.1","3716672","13239","80.4","0.2","75.2","0.2","5.4","0.1","3399257","21721","85.4","0.1","82.2","0.1","3.1","0.1","3.4","(X)","(X)","-888888888","(X)","-888888888","(X)","-888888888",
"0400000US49","Utah","1907903","1025","69.2","0.2","64.8","0.2","5.9","0.2","174312","1323","54.5","0.8","45.4","0.8","16.6","0.9","230350","605","80.8","0.7","73.7","0.8","8.1","0.5","745144","781","80.9","0.3","76.6","0.3","4.7","0.2","301129","603","82.4","0.4","78.7","0.5","4.3","0.3","221671","393","67.4","0.6","64.8","0.7","3.9","0.3","128560","369","25.5","0.7","24.6","0.7","3.6","0.6","106737","327","5.2","0.4","4.9","0.4","5.7","1.8","1881918","1648","69.2","0.2","64.9","0.2","5.8","0.2","1723133","3128","69.2","0.2","65.1","0.2","5.5","0.2","17518","576","69.5","2.7","61.0","3.0","10.0","2.1","21872","854","58.1","2.7","50.0","2.9","13.6","2.5","42619","691","67.4","1.5","63.6","1.6","5.2","1.0","15506","423","69.6","2.8","59.5","2.9","14.0","2.9","61270","2682","74.1","1.5","67.4","1.6","8.8","1.0","25985","1224","68.8","1.9","61.2","2.1","10.3","1.4","208187","457","73.9","0.7","67.3","0.8","8.7","0.6","1585314","883","68.7","0.2","64.8","0.2","5.2","0.2","1498294","700","79.2","0.2","74.8","0.2","5.1","0.2","756027","558","88.6","0.2","83.4","0.3","5.2","0.2","742267","497","69.6","0.4","66.1","0.4","4.9","0.2","185078","2224","54.2","0.6","51.2","0.6","5.4","0.6","(X)","(X)","(X)","-888888888.0","(X)","-888888888.0","(X)","(X)","(X)","(X)","(X)","(X)","(X)","-888888888.0","(X)","(X)","1267944","703","78.9","0.2","75.0","0.2","4.5","0.2","110779","2495","70.6","1.1","64.2","1.2","9.2","0.8","300310","3182","77.3","0.6","72.6","0.6","5.9","0.4","473353","3129","78.4","0.4","74.4","0.4","4.4","0.2","383502","3380","83.2","0.4","80.7","0.3","2.4","0.2","3.1","(X)","(X)","-888888888","(X)","-888888888","(X)","-888888888",
"0400000US50","Vermont","509527","386","68.9","0.3","64.7","0.4","5.9","0.2","38879","429","50.0","1.4","41.4","1.5","17.0","1.7","44239","245","75.2","1.6","66.9","1.6","10.8","1.2","151838","335","87.1","0.5","82.2","0.6","5.4","0.3","103082","288","86.0","0.7","82.3","0.8","4.1","0.4","84252","217","71.6","0.8","68.9","0.9","3.8","0.4","46093","145","30.8","1.0","29.3","1.0","4.8","0.8","41144","133","7.0","0.7","6.8","0.7","1.6","0.9","503412","482","68.9","0.3","64.8","0.4","5.8","0.2","490121","538","69.0","0.3","64.9","0.4","5.8","0.2","4026","203","65.2","4.3","57.5","5.0","11.3","3.9","1524","231","60.5","6.5","52.6","7.5","13.1","6.5","5845","192","61.5","4.8","59.1","5.1","3.9","2.0","87","43","72.4","23.0","72.4","23.0","0.0","26.7","1809","352","75.5","7.0","73.0","7.1","3.2","3.0","6115","332","65.6","3.4","58.3","3.6","10.7","3.0","6567","89","71.3","3.2","66.9","3.3","5.8","1.7","485639","442","69.0","0.3","64.9","0.4","5.8","0.2","383411","273","82.0","0.4","77.5","0.4","5.3","0.2","190189","255","84.9","0.5","79.7","0.6","5.9","0.3","193222","223","79.1","0.5","75.4","0.5","4.6","0.3","25984","843","74.1","1.7","69.4","1.8","6.3","1.1","(X)","(X)","(X)","-888888888.0","(X)","-888888888.0","(X)","(X)","(X)","(X)","(X)","(X)","(X)","-888888888.0","(X)","(X)","339172","362","82.9","0.4","78.9","0.5","4.6","0.2","22850","945","60.4","2.2","52.5","2.2","13.0","2.0","105785","1705","81.3","0.7","76.3","0.8","6.1","0.5","91654","1837","85.0","0.6","81.3","0.7","4.1","0.4","118883","1687","87.0","0.5","84.5","0.6","2.7","0.3","2.9","(X)","(X)","-888888888","(X)","-888888888","(X)","-888888888",
"0400000US51","Virginia","6216349","2080","67.4","0.1","61.5","0.1","5.9","0.1","451221","2984","42.1","0.5","31.1","0.5","22.2","0.7","556592","2502","75.9","0.5","61.9","0.6","11.6","0.4","2193280","2031","84.2","0.2","76.9","0.2","5.1","0.1","1185123","1527","82.5","0.2","78.4","0.3","4.0","0.2","900955","756","65.6","0.3","63.1","0.4","3.7","0.2","514397","913","26.3","0.4","25.5","0.4","3.1","0.3","414781","728","6.0","0.2","5.8","0.2","3.3","0.7","6122048","3732","67.3","0.1","61.5","0.1","5.9","0.1","4442776","5042","66.8","0.1","61.7","0.2","4.8","0.1","1179176","2730","66.6","0.3","58.1","0.3","10.0","0.3","19682","1360","65.5","3.0","56.1","3.2","9.1","2.7","329599","1487","71.0","0.6","66.7","0.6","4.6","0.3","4547","605","82.9","4.1","64.8","7.2","10.6","5.3","146268","4378","79.8","0.8","71.9","0.9","7.6","0.7","94301","3135","70.8","1.1","60.7","1.1","9.9","0.9","406755","965","78.1","0.5","69.9","0.5","7.0","0.4","4208192","2376","66.3","0.1","61.3","0.2","4.7","0.1","4835950","2774","79.4","0.1","73.0","0.2","5.3","0.1","2390940","1891","84.4","0.2","76.2","0.2","5.3","0.1","2445010","2062","74.4","0.2","69.8","0.2","5.2","0.1","390659","4559","68.1","0.5","62.2","0.5","7.4","0.4","(X)","(X)","(X)","-888888888.0","(X)","-888888888.0","(X)","(X)","(X)","(X)","(X)","(X)","(X)","-888888888.0","(X)","(X)","4279358","1720","79.8","0.1","74.4","0.2","4.5","0.1","479144","6076","61.0","0.6","54.8","0.6","10.1","0.4","1074315","9214","76.4","0.3","70.7","0.3","6.0","0.2","1181989","7359","81.9","0.2","75.6","0.3","4.5","0.1","1543910","11528","86.4","0.2","82.2","0.2","2.4","0.1","3.9","(X)","(X)","-888888888","(X)","-888888888","(X)","-888888888",
"0400000US53","Washington","5186380","1906","66.2","0.1","60.3","0.2","7.6","0.1","370519","2003","43.1","0.6","32.3","0.6","23.9","0.8","455545","1000","77.5","0.5","63.9","0.6","13.3","0.5","1820314","1014","82.8","0.2","75.8","0.2","6.7","0.2","981066","677","81.6","0.3","76.9","0.3","5.4","0.2","778359","481","64.5","0.4","61.1","0.4","5.2","0.2","418455","576","22.1","0.4","20.9","0.4","5.2","0.4","362122","432","4.6","0.2","4.3","0.2","6.0","1.2","5035974","3878","66.1","0.1","60.3","0.2","7.4","0.1","4215201","4350","65.6","0.1","60.1","0.2","7.0","0.1","173021","1448","67.4","0.9","55.8","1.0","13.0","1.0","70225","1811","61.2","1.2","50.5","1.2","16.4","1.3","369776","1839","67.9","0.5","63.4","0.6","5.7","0.4","26643","571","72.1","1.7","60.3","2.0","14.2","2.0","181108","4155","74.4","0.9","66.1","0.9","10.0","0.8","150406","3082","67.5","0.7","58.1","0.8","12.5","0.9","443663","678","72.1","0.5","63.8","0.5","9.9","0.4","3982372","1701","65.3","0.1","60.0","0.2","6.9","0.1","4035284","960","78.4","0.1","71.9","0.2","6.8","0.1","2026435","671","84.3","0.2","76.3","0.3","7.2","0.2","2008849","851","72.4","0.2","67.5","0.2","6.4","0.1","331436","3755","62.7","0.7","57.1","0.6","8.3","0.4","(X)","(X)","(X)","-888888888.0","(X)","-888888888.0","(X)","(X)","(X)","(X)","(X)","(X)","(X)","-888888888.0","(X)","(X)","3579739","829","78.5","0.2","72.9","0.2","6.0","0.1","335267","4919","64.9","0.6","57.3","0.6","11.7","0.6","819471","7237","74.8","0.3","68.3","0.4","7.9","0.3","1269724","6353","78.9","0.3","72.8","0.3","6.1","0.2","1155277","8227","84.7","0.2","80.9","0.3","3.5","0.1","3.2","(X)","(X)","-888888888","(X)","-888888888","(X)","-888888888",
"0400000US54","West Virginia","1498611","912","55.0","0.3","51.0","0.2","7.1","0.2","98922","1011","37.1","0.9","28.0","0.9","24.5","1.5","117068","721","67.7","1.0","58.1","1.1","13.8","1.0","462676","927","75.7","0.5","70.1","0.5","7.0","0.4","278952","632","71.2","0.5","67.9","0.5","4.5","0.3","249831","381","51.3","0.7","49.4","0.7","3.6","0.4","157038","268","16.7","0.6","16.3","0.6","2.3","0.5","134124","366","3.8","0.3","3.6","0.3","4.7","1.8","1482476","1083","55.0","0.3","51.0","0.2","7.0","0.2","1419687","950","55.1","0.3","51.2","0.3","6.9","0.2","47025","730","49.4","1.6","44.2","1.6","10.3","1.4","2842","357","43.6","5.5","38.6","5.9","11.5","6.6","9475","349","65.7","3.2","61.7","2.8","5.8","2.9","399","156","73.9","15.4","73.9","15.4","0.0","10.4","3048","446","58.6","6.7","53.1","7.1","9.5","4.7","16135","846","57.7","2.4","47.4","2.4","17.5","2.6","14949","346","54.2","2.8","50.4","2.7","7.0","1.8","1408856","875","55.1","0.3","51.2","0.3","6.9","0.2","1108527","889","68.2","0.3","63.6","0.3","6.5","0.2","553091","740","73.5","0.5","67.9","0.5","7.2","0.3","555436","603","63.0","0.4","59.4","0.4","5.6","0.3","77478","1650","60.0","1.2","54.8","1.2","8.7","0.9","(X)","(X)","(X)","-888888888.0","(X)","-888888888.0","(X)","(X)","(X)","(X)","(X)","(X)","(X)","-888888888.0","(X)","(X)","991459","900","68.3","0.3","64.3","0.3","5.6","0.2","136494","2734","40.8","0.9","35.8","0.9","12.3","1.0","410792","3709","65.8","0.6","61.7","0.5","6.1","0.3","255496","3146","74.6","0.6","70.3","0.6","5.4","0.4","188677","3266","85.0","0.5","82.4","0.5","2.7","0.2","2.8","(X)","(X)","-888888888","(X)","-888888888","(X)","-888888888",
"0400000US55","Wisconsin","4458387","1394","69.0","0.1","64.4","0.2","6.7","0.1","327328","1567","53.8","0.5","44.3","0.5","17.6","0.6","391816","802","81.5","0.5","72.7","0.5","10.5","0.3","1463434","1181","87.0","0.2","81.6","0.2","6.1","0.2","868283","792","86.4","0.2","82.0","0.3","4.9","0.1","652658","500","68.4","0.4","65.1","0.3","4.8","0.2","379813","594","24.3","0.3","23.2","0.3","4.5","0.4","375055","635","5.6","0.2","5.3","0.2","4.3","0.8","4414196","1922","69.1","0.1","64.4","0.2","6.6","0.1","3974585","2902","69.5","0.1","65.4","0.1","5.8","0.1","243332","1194","61.1","0.7","50.0","0.8","18.0","0.9","36171","791","65.0","1.5","54.5","1.7","16.0","1.7","87041","678","68.9","0.9","63.7","0.9","7.4","0.6","1262","225","66.9","8.5","60.5","8.2","9.5","3.9","71805","2287","74.3","1.1","67.4","1.1","9.2","0.8","44191","1581","66.8","1.4","57.4","1.6","13.8","1.4","196941","461","72.6","0.6","65.2","0.8","10.0","0.7","3859804","1312","69.4","0.1","65.4","0.1","5.7","0.1","3376191","977","82.6","0.1","77.5","0.2","6.1","0.1","1700801","748","85.8","0.2","79.7","0.2","6.8","0.1","1675390","747","79.4","0.2","75.3","0.2","5.2","0.1","275006","3376","75.7","0.5","70.8","0.6","6.4","0.3","(X)","(X)","(X)","-888888888.0","(X)","-888888888.0","(X)","(X)","(X)","(X)","(X)","(X)","(X)","-888888888.0","(X)","(X)","2984375","1116","82.8","0.1","78.1","0.2","5.5","0.1","238504","3610","64.7","0.7","56.4","0.7","12.8","0.6","945445","5541","80.4","0.2","74.7","0.3","7.1","0.2","963625","5220","85.1","0.2","80.5","0.2","5.2","0.2","836801","6316","87.9","0.2","85.5","0.2","2.6","0.1","3.2","(X)","(X)","-888888888","(X)","-888888888","(X)","-888888888",
"0400000US56","Wyoming","429389","561","70.0","0.4","66.2","0.4","4.4","0.2","31073","660","53.9","1.9","46.3","1.9","13.1","1.8","40457","590","79.0","1.6","69.9","1.9","7.7","1.1","138362","782","85.7","0.6","81.1","0.7","4.0","0.5","85127","472","85.5","0.8","82.8","0.9","3.0","0.5","67998","336","70.1","1.2","68.4","1.2","2.5","0.4","36699","248","29.0","1.5","27.8","1.5","4.1","1.2","29673","177","7.3","0.9","7.1","0.9","2.6","1.9","421445","834","70.1","0.4","66.3","0.4","4.4","0.3","397160","903","70.1","0.4","66.6","0.4","4.2","0.3","3313","278","65.9","6.9","45.8","7.7","11.6","6.8","8503","414","66.7","3.1","58.5","3.3","12.3","3.1","3397","264","72.5","6.5","64.9","7.9","5.4","4.5","171","61","53.8","19.1","46.2","21.3","14.1","22.8","8901","671","73.5","3.2","68.1","3.3","4.7","1.9","7944","662","66.0","3.9","61.6","3.9","6.0","2.1","30951","495","73.0","1.5","67.2","1.7","6.6","1.3","378174","602","69.9","0.4","66.5","0.5","4.0","0.3","331944","614","81.7","0.4","77.6","0.5","3.9","0.3","170618","483","87.4","0.6","82.5","0.7","3.9","0.4","161326","400","75.6","0.7","72.3","0.7","4.0","0.4","27457","805","66.3","1.6","62.6","1.7","5.1","1.3","(X)","(X)","(X)","-888888888.0","(X)","-888888888.0","(X)","(X)","(X)","(X)","(X)","(X)","(X)","-888888888.0","(X)","(X)","291487","683","82.0","0.5","78.6","0.5","3.4","0.3","19978","1197","69.5","2.3","63.3","2.4","8.8","1.7","87712","1650","79.7","0.9","76.2","1.0","3.9","0.5","112964","1813","82.7","0.7","79.2","0.8","3.4","0.4","70833","1821","87.3","0.9","85.1","0.9","1.7","0.3","2.4","(X)","(X)","-888888888","(X)","-888888888","(X)","-888888888",
"0400000US72","Puerto Rico","2931640","1108","47.2","0.2","39.2","0.2","16.7","0.2","232876","1112","18.8","0.5","8.8","0.4","53.0","1.6","269035","165","54.1","0.6","37.7","0.6","30.3","0.8","997649","*****","72.2","0.3","60.6","0.4","15.9","0.3","482889","*****","60.3","0.5","53.1","0.4","11.8","0.4","431234","*****","34.0","0.4","30.9","0.4","9.2","0.4","297143","*****","10.2","0.3","9.6","0.3","5.7","0.7","220814","*****","2.5","0.2","2.3","0.2","4.3","1.3","2697448","5293","46.8","0.2","39.0","0.2","16.6","0.2","2156043","7707","45.6","0.2","38.4","0.2","15.7","0.3","223028","3938","51.3","0.6","41.3","0.7","19.4","0.7","5854","648","45.9","4.0","34.7","4.0","24.1","5.6","9629","938","58.9","4.3","51.3","4.0","12.8","3.0","82","45","45.1","26.5","18.3","18.4","59.5","36.5","302812","4440","51.7","0.6","41.3","0.6","20.0","0.7","234192","4977","50.9","0.8","41.6","0.8","18.2","0.9","2894494","1688","47.1","0.2","39.1","0.2","16.8","0.2","27431","1287","50.1","1.9","42.7","1.8","14.1","2.1","2180807","168","59.8","0.2","50.2","0.3","15.8","0.2","1034250","90","67.2","0.3","56.6","0.3","15.6","0.3","1146557","142","53.0","0.3","44.5","0.3","16.1","0.3","163792","2449","60.8","0.9","48.2","0.8","20.7","0.9","(X)","(X)","(X)","-888888888.0","(X)","-888888888.0","(X)","(X)","(X)","(X)","(X)","(X)","(X)","-888888888.0","(X)","(X)","1911772","*****","60.5","0.2","52.0","0.3","14.0","0.2","473429","4354","36.5","0.5","26.7","0.4","26.9","0.8","514826","4693","56.3","0.5","46.7","0.5","17.1","0.5","459483","3468","69.4","0.5","60.3","0.5","12.9","0.4","464034","4737","80.9","0.3","75.5","0.4","6.5","0.2","3.2","(X)","(X)","-888888888","(X)","-888888888","(X)","-888888888",
